-- -- Delete all the values
-- DELETE FROM "studentPeriodFeePayment";
-- DELETE FROM "income";
-- DELETE FROM "incomeCategory";
-- DELETE FROM "outflow";
-- DELETE FROM "outflowCategory";
-- DELETE FROM "student";
-- DELETE FROM "group";
-- DELETE FROM "coursePeriodo";
-- DELETE FROM "course";
-- DELETE FROM "paymentMethod";
-- DELETE FROM "initialCash";
-- DELETE FROM "discount";
-- DELETE FROM "initialCash";



-- -- outflowCategory
-- insert into "outflowCategory" (id, name) values (1, 'Salary');
-- insert into  "outflowCategory" (id, name) values (2, 'Photocopies');
-- insert into  "outflowCategory" (id, name) values (3, 'Services');
-- insert into  "outflowCategory" (id, name) values (4, 'Food');
-- insert into  "outflowCategory" (id, name) values (5, 'Investments');
-- insert into  "outflowCategory" (id, name) values (6, 'Maintenance');

-- -- pamentMethod
-- insert into "paymentMethod" (id, name) values (1, 'Cash');
-- insert into "paymentMethod" (id, name) values (2, 'Credit card');
-- insert into "paymentMethod" (id, name) values (3, 'Paypal');
-- insert into "paymentMethod" (id, name) values (4, 'Wise');

-- -- "outflow"
-- insert into "outflow" (id, "outflowCategoryId", amount, "dateRegistered", "paymentMethodId", detail) values (1, '1', 108, '2023-03-18', '2', 'quis augue luctus');
-- insert into "outflow" (id, "outflowCategoryId", amount, "dateRegistered", "paymentMethodId", detail) values (2, '6', 255, '2023-04-06', '3', 'proin interdum mauris non');
-- insert into "outflow" (id, "outflowCategoryId", amount, "dateRegistered", "paymentMethodId", detail) values (3, '2', 212, '2023-02-06', '4', 'sociis');
-- insert into "outflow" (id, "outflowCategoryId", amount, "dateRegistered", "paymentMethodId", detail) values (4, '4', 117, '2023-02-27', '1', 'primis in');
-- insert into "outflow" (id, "outflowCategoryId", amount, "dateRegistered", "paymentMethodId", detail) values (5, '3', 294, '2023-04-16', '4', 'a');
-- insert into "outflow" (id, "outflowCategoryId", amount, "dateRegistered", "paymentMethodId", detail) values (6, '5', 181, '2023-04-13', '1', 'ipsum aliquam non mauris morbi');
-- insert into "outflow" (id, "outflowCategoryId", amount, "dateRegistered", "paymentMethodId", detail) values (7, '2', 223, '2023-01-14', '2', 'ullamcorper augue');
-- insert into "outflow" (id, "outflowCategoryId", amount, "dateRegistered", "paymentMethodId", detail) values (8, '1', 35, '2023-04-17', '3', 'congue vivamus metus');
-- insert into "outflow" (id, "outflowCategoryId", amount, "dateRegistered", "paymentMethodId", detail) values (9, '4', 242, '2023-03-16', '2', 'quisque id justo');
-- insert into "outflow" (id, "outflowCategoryId", amount, "dateRegistered", "paymentMethodId", detail) values (10, '3', 19, '2023-01-13', '3', 'ipsum aliquam non mauris morbi');
-- insert into "outflow" (id, "outflowCategoryId", amount, "dateRegistered", "paymentMethodId", detail) values (11, '5', 36, '2023-04-15', '4', 'nec nisi volutpat eleifend');
-- insert into "outflow" (id, "outflowCategoryId", amount, "dateRegistered", "paymentMethodId", detail) values (12, '6', 246, '2023-01-06', '1', 'nec');
-- insert into "outflow" (id, "outflowCategoryId", amount, "dateRegistered", "paymentMethodId", detail) values (13, '6', 110, '2023-04-27', '2', 'ullamcorper purus sit amet');
-- insert into "outflow" (id, "outflowCategoryId", amount, "dateRegistered", "paymentMethodId", detail) values (14, '4', 155, '2023-03-17', '4', 'nisi nam');
-- insert into "outflow" (id, "outflowCategoryId", amount, "dateRegistered", "paymentMethodId", detail) values (15, '1', 138, '2023-04-07', '1', 'consequat dui');
-- insert into "outflow" (id, "outflowCategoryId", amount, "dateRegistered", "paymentMethodId", detail) values (16, '3', 175, '2023-02-08', '3', 'nulla sed');
-- insert into "outflow" (id, "outflowCategoryId", amount, "dateRegistered", "paymentMethodId", detail) values (17, '2', 297, '2023-01-02', '1', 'nulla ut erat');
-- insert into "outflow" (id, "outflowCategoryId", amount, "dateRegistered", "paymentMethodId", detail) values (18, '5', 65, '2023-02-14', '2', 'ut erat curabitur gravida nisi');
-- insert into "outflow" (id, "outflowCategoryId", amount, "dateRegistered", "paymentMethodId", detail) values (19, '2', 14, '2023-04-23', '3', 'ultrices vel');
-- insert into "outflow" (id, "outflowCategoryId", amount, "dateRegistered", "paymentMethodId", detail) values (20, '5', 230, '2023-04-30', '4', 'tortor id nulla ultrices');
-- insert into "outflow" (id, "outflowCategoryId", amount, "dateRegistered", "paymentMethodId", detail) values (21, '1', 160, '2023-01-29', '2', 'in');
-- insert into "outflow" (id, "outflowCategoryId", amount, "dateRegistered", "paymentMethodId", detail) values (22, '3', 217, '2023-04-12', '1', 'morbi odio odio');
-- insert into "outflow" (id, "outflowCategoryId", amount, "dateRegistered", "paymentMethodId", detail) values (23, '4', 162, '2023-04-04', '4', 'semper porta');
-- insert into "outflow" (id, "outflowCategoryId", amount, "dateRegistered", "paymentMethodId", detail) values (24, '6', 137, '2023-02-10', '3', 'quis augue');
-- insert into "outflow" (id, "outflowCategoryId", amount, "dateRegistered", "paymentMethodId", detail) values (25, '4', 98, '2023-01-10', '1', 'vel est');
-- insert into "outflow" (id, "outflowCategoryId", amount, "dateRegistered", "paymentMethodId", detail) values (26, '3', 47, '2023-02-14', '4', 'sed augue aliquam erat volutpat');
-- insert into "outflow" (id, "outflowCategoryId", amount, "dateRegistered", "paymentMethodId", detail) values (27, '6', 45, '2023-04-24', '3', 'proin risus praesent lectus');
-- insert into "outflow" (id, "outflowCategoryId", amount, "dateRegistered", "paymentMethodId", detail) values (28, '1', 269, '2023-01-16', '2', 'orci luctus et ultrices');
-- insert into "outflow" (id, "outflowCategoryId", amount, "dateRegistered", "paymentMethodId", detail) values (29, '2', 272, '2023-04-24', '3', 'in ante vestibulum');
-- insert into "outflow" (id, "outflowCategoryId", amount, "dateRegistered", "paymentMethodId", detail) values (30, '5', 68, '2023-03-18', '4', 'vestibulum sagittis');
-- insert into "outflow" (id, "outflowCategoryId", amount, "dateRegistered", "paymentMethodId", detail) values (31, '5', 127, '2023-01-28', '1', 'dapibus dolor vel est donec');
-- insert into "outflow" (id, "outflowCategoryId", amount, "dateRegistered", "paymentMethodId", detail) values (32, '4', 202, '2023-04-11', '2', 'at turpis');
-- insert into "outflow" (id, "outflowCategoryId", amount, "dateRegistered", "paymentMethodId", detail) values (33, '2', 247, '2023-03-03', '4', 'sapien cum');
-- insert into "outflow" (id, "outflowCategoryId", amount, "dateRegistered", "paymentMethodId", detail) values (34, '3', 300, '2023-04-28', '2', 'ipsum primis in faucibus orci');
-- insert into "outflow" (id, "outflowCategoryId", amount, "dateRegistered", "paymentMethodId", detail) values (35, '1', 10, '2023-01-20', '1', 'ipsum');
-- insert into "outflow" (id, "outflowCategoryId", amount, "dateRegistered", "paymentMethodId", detail) values (36, '6', 179, '2023-04-22', '3', 'odio curabitur convallis duis');
-- insert into "outflow" (id, "outflowCategoryId", amount, "dateRegistered", "paymentMethodId", detail) values (37, '6', 132, '2023-03-16', '3', 'platea');
-- insert into "outflow" (id, "outflowCategoryId", amount, "dateRegistered", "paymentMethodId", detail) values (38, '4', 104, '2023-03-08', '2', 'mauris laoreet ut');
-- insert into "outflow" (id, "outflowCategoryId", amount, "dateRegistered", "paymentMethodId", detail) values (39, '1', 238, '2023-04-13', '4', 'mi nulla');
-- insert into "outflow" (id, "outflowCategoryId", amount, "dateRegistered", "paymentMethodId", detail) values (40, '3', 104, '2023-04-18', '1', 'amet consectetuer adipiscing elit');
-- insert into "outflow" (id, "outflowCategoryId", amount, "dateRegistered", "paymentMethodId", detail) values (41, '2', 178, '2023-02-14', '2', 'congue vivamus metus');
-- insert into "outflow" (id, "outflowCategoryId", amount, "dateRegistered", "paymentMethodId", detail) values (42, '5', 214, '2023-01-09', '3', 'felis donec semper sapien');
-- insert into "outflow" (id, "outflowCategoryId", amount, "dateRegistered", "paymentMethodId", detail) values (43, '4', 237, '2023-04-22', '1', 'ac');
-- insert into "outflow" (id, "outflowCategoryId", amount, "dateRegistered", "paymentMethodId", detail) values (44, '2', 253, '2023-02-10', '4', 'vivamus metus arcu adipiscing');
-- insert into "outflow" (id, "outflowCategoryId", amount, "dateRegistered", "paymentMethodId", detail) values (45, '1', 39, '2023-04-19', '1', 'habitasse platea dictumst maecenas');
-- insert into "outflow" (id, "outflowCategoryId", amount, "dateRegistered", "paymentMethodId", detail) values (46, '3', 147, '2023-01-06', '2', 'nibh quisque id');
-- insert into "outflow" (id, "outflowCategoryId", amount, "dateRegistered", "paymentMethodId", detail) values (47, '5', 37, '2023-04-15', '3', 'quis');
-- insert into "outflow" (id, "outflowCategoryId", amount, "dateRegistered", "paymentMethodId", detail) values (48, '6', 287, '2023-04-09', '4', 'bibendum');
-- insert into "outflow" (id, "outflowCategoryId", amount, "dateRegistered", "paymentMethodId", detail) values (49, '2', 79, '2023-02-24', '3', 'enim blandit mi in');
-- insert into "outflow" (id, "outflowCategoryId", amount, "dateRegistered", "paymentMethodId", detail) values (50, '5', 154, '2023-03-26', '4', 'pede ullamcorper augue a suscipit');
-- insert into "outflow" (id, "outflowCategoryId", amount, "dateRegistered", "paymentMethodId", detail) values (51, '6', 191, '2023-02-28', '2', 'pretium quis');
-- insert into "outflow" (id, "outflowCategoryId", amount, "dateRegistered", "paymentMethodId", detail) values (52, '4', 14, '2023-01-17', '1', 'ultrices posuere cubilia');
-- insert into "outflow" (id, "outflowCategoryId", amount, "dateRegistered", "paymentMethodId", detail) values (53, '3', 271, '2023-01-27', '4', 'odio cras');
-- insert into "outflow" (id, "outflowCategoryId", amount, "dateRegistered", "paymentMethodId", detail) values (54, '1', 31, '2023-02-28', '1', 'ultrices posuere cubilia curae');
-- insert into "outflow" (id, "outflowCategoryId", amount, "dateRegistered", "paymentMethodId", detail) values (55, '1', 65, '2023-01-27', '3', 'penatibus et magnis dis parturient');
-- insert into "outflow" (id, "outflowCategoryId", amount, "dateRegistered", "paymentMethodId", detail) values (56, '3', 100, '2023-02-04', '2', 'hac habitasse platea dictumst etiam');
-- insert into "outflow" (id, "outflowCategoryId", amount, "dateRegistered", "paymentMethodId", detail) values (57, '2', 45, '2023-03-05', '4', 'massa id lobortis convallis tortor');
-- insert into "outflow" (id, "outflowCategoryId", amount, "dateRegistered", "paymentMethodId", detail) values (58, '5', 199, '2023-04-05', '2', 'quam pede');
-- insert into "outflow" (id, "outflowCategoryId", amount, "dateRegistered", "paymentMethodId", detail) values (59, '6', 19, '2023-02-17', '1', 'ante vestibulum');
-- insert into "outflow" (id, "outflowCategoryId", amount, "dateRegistered", "paymentMethodId", detail) values (60, '4', 212, '2023-02-16', '3', 'orci luctus');
-- insert into "outflow" (id, "outflowCategoryId", amount, "dateRegistered", "paymentMethodId", detail) values (61, '2', 181, '2023-01-30', '1', 'dictumst aliquam augue quam sollicitudin');
-- insert into "outflow" (id, "outflowCategoryId", amount, "dateRegistered", "paymentMethodId", detail) values (62, '3', 43, '2023-03-09', '3', 'orci luctus et ultrices posuere');
-- insert into "outflow" (id, "outflowCategoryId", amount, "dateRegistered", "paymentMethodId", detail) values (63, '1', 77, '2023-01-03', '2', 'proin leo odio porttitor id');
-- insert into "outflow" (id, "outflowCategoryId", amount, "dateRegistered", "paymentMethodId", detail) values (64, '5', 227, '2023-02-05', '4', 'ultrices aliquet');
-- insert into "outflow" (id, "outflowCategoryId", amount, "dateRegistered", "paymentMethodId", detail) values (65, '6', 98, '2023-02-01', '4', 'turpis elementum');
-- insert into "outflow" (id, "outflowCategoryId", amount, "dateRegistered", "paymentMethodId", detail) values (66, '4', 285, '2023-03-21', '1', 'etiam faucibus cursus urna ut');
-- insert into "outflow" (id, "outflowCategoryId", amount, "dateRegistered", "paymentMethodId", detail) values (67, '2', 69, '2023-01-12', '2', 'vestibulum ante ipsum');
-- insert into "outflow" (id, "outflowCategoryId", amount, "dateRegistered", "paymentMethodId", detail) values (68, '6', 296, '2023-01-25', '3', 'eget massa tempor convallis');
-- insert into "outflow" (id, "outflowCategoryId", amount, "dateRegistered", "paymentMethodId", detail) values (69, '5', 135, '2023-01-17', '3', 'sagittis nam congue risus semper');
-- insert into "outflow" (id, "outflowCategoryId", amount, "dateRegistered", "paymentMethodId", detail) values (70, '3', 21, '2023-04-26', '4', 'adipiscing');
-- insert into "outflow" (id, "outflowCategoryId", amount, "dateRegistered", "paymentMethodId", detail) values (71, '1', 181, '2023-01-16', '2', 'lobortis');
-- insert into "outflow" (id, "outflowCategoryId", amount, "dateRegistered", "paymentMethodId", detail) values (72, '4', 48, '2023-04-01', '1', 'et tempus');
-- insert into "outflow" (id, "outflowCategoryId", amount, "dateRegistered", "paymentMethodId", detail) values (73, '6', 187, '2023-04-23', '3', 'blandit mi in');
-- insert into "outflow" (id, "outflowCategoryId", amount, "dateRegistered", "paymentMethodId", detail) values (74, '4', 53, '2023-01-06', '2', 'nunc commodo placerat praesent blandit');
-- insert into "outflow" (id, "outflowCategoryId", amount, "dateRegistered", "paymentMethodId", detail) values (75, '5', 247, '2023-02-25', '4', 'natoque penatibus');
-- insert into "outflow" (id, "outflowCategoryId", amount, "dateRegistered", "paymentMethodId", detail) values (76, '1', 199, '2023-03-06', '1', 'ut suscipit a feugiat et');
-- insert into "outflow" (id, "outflowCategoryId", amount, "dateRegistered", "paymentMethodId", detail) values (77, '2', 286, '2023-02-23', '1', 'sem mauris laoreet ut');
-- insert into "outflow" (id, "outflowCategoryId", amount, "dateRegistered", "paymentMethodId", detail) values (78, '3', 51, '2023-04-30', '4', 'sagittis sapien cum');
-- insert into "outflow" (id, "outflowCategoryId", amount, "dateRegistered", "paymentMethodId", detail) values (79, '2', 117, '2023-02-25', '3', 'mauris vulputate elementum');
-- insert into "outflow" (id, "outflowCategoryId", amount, "dateRegistered", "paymentMethodId", detail) values (80, '3', 118, '2023-02-01', '2', 'morbi vestibulum');
-- insert into "outflow" (id, "outflowCategoryId", amount, "dateRegistered", "paymentMethodId", detail) values (81, '5', 72, '2023-03-12', '1', 'vulputate');
-- insert into "outflow" (id, "outflowCategoryId", amount, "dateRegistered", "paymentMethodId", detail) values (82, '4', 200, '2023-04-20', '2', 'sapien arcu sed augue');
-- insert into "outflow" (id, "outflowCategoryId", amount, "dateRegistered", "paymentMethodId", detail) values (83, '1', 171, '2023-01-05', '3', 'dapibus');
-- insert into "outflow" (id, "outflowCategoryId", amount, "dateRegistered", "paymentMethodId", detail) values (84, '6', 232, '2023-02-20', '4', 'bibendum felis sed');
-- insert into "outflow" (id, "outflowCategoryId", amount, "dateRegistered", "paymentMethodId", detail) values (85, '3', 98, '2023-02-20', '1', 'vestibulum sit');
-- insert into "outflow" (id, "outflowCategoryId", amount, "dateRegistered", "paymentMethodId", detail) values (86, '5', 118, '2023-04-19', '4', 'nulla');
-- insert into "outflow" (id, "outflowCategoryId", amount, "dateRegistered", "paymentMethodId", detail) values (87, '2', 209, '2023-04-24', '3', 'in faucibus');
-- insert into "outflow" (id, "outflowCategoryId", amount, "dateRegistered", "paymentMethodId", detail) values (88, '1', 63, '2023-01-26', '2', 'purus sit amet nulla');
-- insert into "outflow" (id, "outflowCategoryId", amount, "dateRegistered", "paymentMethodId", detail) values (89, '4', 69, '2023-04-27', '2', 'imperdiet et');
-- insert into "outflow" (id, "outflowCategoryId", amount, "dateRegistered", "paymentMethodId", detail) values (90, '6', 292, '2023-01-17', '3', 'suscipit ligula in lacus');
-- insert into "outflow" (id, "outflowCategoryId", amount, "dateRegistered", "paymentMethodId", detail) values (91, '5', 219, '2023-01-07', '4', 'in sagittis dui vel');
-- insert into "outflow" (id, "outflowCategoryId", amount, "dateRegistered", "paymentMethodId", detail) values (92, '3', 166, '2023-03-15', '1', 'lacinia sapien quis libero nullam');
-- insert into "outflow" (id, "outflowCategoryId", amount, "dateRegistered", "paymentMethodId", detail) values (93, '4', 148, '2023-02-09', '3', 'dapibus duis at');
-- insert into "outflow" (id, "outflowCategoryId", amount, "dateRegistered", "paymentMethodId", detail) values (94, '6', 286, '2023-03-23', '1', 'non velit nec');
-- insert into "outflow" (id, "outflowCategoryId", amount, "dateRegistered", "paymentMethodId", detail) values (95, '2', 28, '2023-02-15', '2', 'magna ac consequat metus sapien');
-- insert into "outflow" (id, "outflowCategoryId", amount, "dateRegistered", "paymentMethodId", detail) values (96, '1', 132, '2023-03-17', '4', 'odio justo sollicitudin ut');
-- insert into "outflow" (id, "outflowCategoryId", amount, "dateRegistered", "paymentMethodId", detail) values (97, '5', 282, '2023-03-15', '3', 'integer ac leo pellentesque ultrices');
-- insert into "outflow" (id, "outflowCategoryId", amount, "dateRegistered", "paymentMethodId", detail) values (98, '2', 124, '2023-01-16', '2', 'in leo maecenas pulvinar');
-- insert into "outflow" (id, "outflowCategoryId", amount, "dateRegistered", "paymentMethodId", detail) values (99, '4', 154, '2023-04-05', '1', 'urna pretium nisl');
-- insert into "outflow" (id, "outflowCategoryId", amount, "dateRegistered", "paymentMethodId", detail) values (100, '3', 91, '2023-02-05', '4', 'ipsum primis');

-- -- incomeCategory
-- insert into "incomeCategory" (id, name) values (1, 'Students Fees');
-- insert into "incomeCategory" (id, name) values (2, 'Booklet');
-- insert into "incomeCategory" (id, name) values (3, 'Services');
-- insert into "incomeCategory" (id, name) values (4, 'Books');

-- -- grouo
-- insert into "group" (id, name) values (1, 'Di Filippo');
-- insert into "group" (id, name) values (2, 'Shills');
-- insert into "group" (id, name) values (3, 'Skyrm');
-- insert into "group" (id, name) values (4, 'Fretter');
-- insert into "group" (id, name) values (5, 'Abbotson');


-- -- course (have to add the "to variables")
-- insert into course (id, name, duration, "startDate", "initialFee") values (1, 'course1', 9, '2023-03-01', 144);
-- insert into course (id, name, duration, "startDate", "initialFee") values (2, 'course2', 9, '2023-03-01', 83);
-- insert into course (id, name, duration, "startDate", "initialFee") values (3, 'course3', 9, '2023-03-01', 132);
-- insert into course (id, name, duration, "startDate", "initialFee") values (4, 'course4', 9, '2023-03-01', 72);
-- insert into course (id, name, duration, "startDate", "initialFee") values (5, 'course5', 9, '2023-03-01', 72);
-- insert into course (id, name, duration, "startDate", "initialFee") values (6, 'course6', 9, '2023-03-01', 131);




-- -- coursePeriodo (have to add the "to variables")
--  INSERT INTO "coursePeriodo" ("courseId", "period", "periodMonths", "amountPay")
-- SELECT
--     c.id,
--     gs.period,
--     9 AS periodMonths,
--     (cp.courseIndex * 1000 + 1000)::bigint AS amountPay
-- FROM
--     course AS c
--     CROSS JOIN LATERAL (
--         SELECT generate_series(1, 9) AS period
--     ) AS gs
--     CROSS JOIN LATERAL (
--         SELECT ROW_NUMBER() OVER () AS courseIndex
--     ) AS cp;



-- -- student
-- insert into "student" (id, name, "courseId", "groupId", direction, phonenumber, email, "DNI", datebirth, "parentName", "parentDNI", "schoolName", "schoolTurn", surname, "CUIT", "courseStartedDate") values (1, 'Erinn', '2', null, '951 Mayfield Circle', '5314653326', 'estealy0@answers.com', 37317521, '2020-07-25', 'Erinn Stealy', 18074390, 'Gabtune', 'afternoon', 'Stealy', 20379305335, '2023-03-01');
-- insert into "student" (id, name, "courseId", "groupId", direction, phonenumber, email, "DNI", datebirth, "parentName", "parentDNI", "schoolName", "schoolTurn", surname, "CUIT", "courseStartedDate") values (2, 'Joana', '6', null, '63429 Thackeray Drive', '1462189193', 'jmatz1@bbb.org', 37608804, '2005-06-26', 'Joana Matz', 11021804, 'Blognation', 'afternoon', 'Matz', 20379305337, '2023-03-01');
-- insert into "student" (id, name, "courseId", "groupId", direction, phonenumber, email, "DNI", datebirth, "parentName", "parentDNI", "schoolName", "schoolTurn", surname, "CUIT", "courseStartedDate") values (3, 'Malchy', '3', '1', '1 Fordem Trail', '1873857671', 'mbeadham2@columbia.edu', 35745563, '2012-01-19', 'Malchy Beadham', 21959280, 'Dabfeed', 'afternoon', 'Beadham', 20379305336, '2023-03-01');
-- insert into "student" (id, name, "courseId", "groupId", direction, phonenumber, email, "DNI", datebirth, "parentName", "parentDNI", "schoolName", "schoolTurn", surname, "CUIT", "courseStartedDate") values (4, 'Dalila', '5', null, '530 Crownhardt Drive', '5839259200', 'djeanesson3@barnesandnoble.com', 35657107, '1993-05-27', 'Dalila Jeanesson', 15395109, 'Kazu', 'nigth', 'Jeanesson', 20379305338, '2023-03-01');
-- insert into "student" (id, name, "courseId", "groupId", direction, phonenumber, email, "DNI", datebirth, "parentName", "parentDNI", "schoolName", "schoolTurn", surname, "CUIT", "courseStartedDate") values (5, 'Madeline', '1', null, '961 Ruskin Way', '3905281224', 'mkennifeck4@nifty.com', 38386453, '2008-07-14', 'Madeline Kennifeck', 15422296, 'Meevee', 'mornign', 'Kennifeck', 20379305339, '2023-03-01');
-- insert into "student" (id, name, "courseId", "groupId", direction, phonenumber, email, "DNI", datebirth, "parentName", "parentDNI", "schoolName", "schoolTurn", surname, "CUIT", "courseStartedDate") values (6, 'Nikolas', '4', null, '5960 Sherman Junction', '2318656473', 'nlaurentino5@twitpic.com', 38929248, '2018-02-21', 'Nikolas Laurentino', 18400010, 'Fliptune', 'mornign', 'Laurentino', 20379305337, '2023-03-01');
-- insert into "student" (id, name, "courseId", "groupId", direction, phonenumber, email, "DNI", datebirth, "parentName", "parentDNI", "schoolName", "schoolTurn", surname, "CUIT", "courseStartedDate") values (7, 'Juanita', '4', null, '988 Stoughton Road', '5328619851', 'jworsnop6@trellian.com', 35536637, '2004-03-31', 'Juanita Worsnop', 24121843, 'Skajo', 'afternoon', 'Worsnop', 20379305335, '2023-03-01');
-- insert into "student" (id, name, "courseId", "groupId", direction, phonenumber, email, "DNI", datebirth, "parentName", "parentDNI", "schoolName", "schoolTurn", surname, "CUIT", "courseStartedDate") values (8, 'Glynn', '1', null, '709 Darwin Junction', '4047692968', 'gmattheus7@ask.com', 36093145, '2014-07-03', 'Glynn Mattheus', 13639600, 'Bubblebox', 'nigth', 'Mattheus', 20379305338, '2023-03-01');
-- insert into "student" (id, name, "courseId", "groupId", direction, phonenumber, email, "DNI", datebirth, "parentName", "parentDNI", "schoolName", "schoolTurn", surname, "CUIT", "courseStartedDate") values (9, 'Dunc', '3', null, '33 Nobel Plaza', '2876817506', 'dnewstead8@gnu.org', 37975412, '1994-07-14', 'Dunc Newstead', 18193190, 'Plambee', 'mornign', 'Newstead', 20379305337, '2023-03-01');
-- insert into "student" (id, name, "courseId", "groupId", direction, phonenumber, email, "DNI", datebirth, "parentName", "parentDNI", "schoolName", "schoolTurn", surname, "CUIT", "courseStartedDate") values (10, 'Pebrook', '2', null, '345 Roxbury Lane', '7804305856', 'pfreestone9@ftc.gov', 37181734, '1995-05-10', 'Pebrook Freestone', 23147691, 'Browseblab', 'nigth', 'Freestone', 20379305339, '2023-03-01');
-- insert into "student" (id, name, "courseId", "groupId", direction, phonenumber, email, "DNI", datebirth, "parentName", "parentDNI", "schoolName", "schoolTurn", surname, "CUIT", "courseStartedDate") values (11, 'Penelope', '6', null, '5550 Helena Lane', '9662865530', 'pfearfulla@thetimes.co.uk', 35241074, '1999-05-05', 'Penelope Fearfull', 24048372, 'Rhycero', 'afternoon', 'Fearfull', 20379305338, '2023-03-01');
-- insert into "student" (id, name, "courseId", "groupId", direction, phonenumber, email, "DNI", datebirth, "parentName", "parentDNI", "schoolName", "schoolTurn", surname, "CUIT", "courseStartedDate") values (12, 'Jareb', '5', null, '7699 Northwestern Drive', '8738992728', 'jestickb@w3.org', 37297124, '2000-05-08', 'Jareb Estick', 18193606, 'Miboo', 'nigth', 'Estick', 20379305337, '2023-03-01');
-- insert into "student" (id, name, "courseId", "groupId", direction, phonenumber, email, "DNI", datebirth, "parentName", "parentDNI", "schoolName", "schoolTurn", surname, "CUIT", "courseStartedDate") values (13, 'Edwin', '6', null, '6769 Packers Street', '9187470536', 'epicardc@jigsy.com', 38944346, '2010-11-26', 'Edwin Picard', 21806610, 'Skyble', 'nigth', 'Picard', 20379305336, '2023-03-01');
-- insert into "student" (id, name, "courseId", "groupId", direction, phonenumber, email, "DNI", datebirth, "parentName", "parentDNI", "schoolName", "schoolTurn", surname, "CUIT", "courseStartedDate") values (14, 'Nigel', '5', null, '36621 Pleasure Terrace', '5569415348', 'nkeyzord@webeden.co.uk', 35989344, '2019-08-27', 'Nigel Keyzor', 12974322, 'Avavee', 'nigth', 'Keyzor', 20379305338, '2023-03-01');
-- insert into "student" (id, name, "courseId", "groupId", direction, phonenumber, email, "DNI", datebirth, "parentName", "parentDNI", "schoolName", "schoolTurn", surname, "CUIT", "courseStartedDate") values (15, 'Kevon', '4', null, '809 Warrior Plaza', '6336231540', 'kpetleye@prnewswire.com', 35959434, '2015-03-26', 'Kevon Petley', 10116586, 'Oloo', 'mornign', 'Petley', 20379305337, '2023-03-01');
-- insert into "student" (id, name, "courseId", "groupId", direction, phonenumber, email, "DNI", datebirth, "parentName", "parentDNI", "schoolName", "schoolTurn", surname, "CUIT", "courseStartedDate") values (16, 'Antoni', '3', null, '23 Comanche Court', '2318602692', 'astoakleyf@blogger.com', 38632488, '2007-08-12', 'Antoni Stoakley', 17450388, 'Twitterwire', 'afternoon', 'Stoakley', 20379305338, '2023-03-01');
-- insert into "student" (id, name, "courseId", "groupId", direction, phonenumber, email, "DNI", datebirth, "parentName", "parentDNI", "schoolName", "schoolTurn", surname, "CUIT", "courseStartedDate") values (17, 'Celestia', '2', null, '1 Dapin Way', '7347086079', 'cdoogang@joomla.org', 38224138, '2012-04-07', 'Celestia Doogan', 24784093, 'Buzzshare', 'afternoon', 'Doogan', 20379305337, '2023-03-01');
-- insert into "student" (id, name, "courseId", "groupId", direction, phonenumber, email, "DNI", datebirth, "parentName", "parentDNI", "schoolName", "schoolTurn", surname, "CUIT", "courseStartedDate") values (18, 'Marybelle', '1', null, '0971 Aberg Road', '5382460918', 'mmaxtedh@cam.ac.uk', 37942305, '2015-04-23', 'Marybelle Maxted', 19862446, 'Ozu', 'mornign', 'Maxted', 20379305335, '2023-03-01');
-- insert into "student" (id, name, "courseId", "groupId", direction, phonenumber, email, "DNI", datebirth, "parentName", "parentDNI", "schoolName", "schoolTurn", surname, "CUIT", "courseStartedDate") values (19, 'Berky', '3', null, '9168 Dryden Crossing', '1251512621', 'bhalledayi@woothemes.com', 37417562, '2005-10-25', 'Berky Halleday', 16237645, 'Chatterbridge', 'mornign', 'Halleday', 20379305335, '2023-03-01');
-- insert into "student" (id, name, "courseId", "groupId", direction, phonenumber, email, "DNI", datebirth, "parentName", "parentDNI", "schoolName", "schoolTurn", surname, "CUIT", "courseStartedDate") values (20, 'Daune', '1', null, '69821 Anniversary Road', '3888631367', 'dbentallj@paginegialle.it', 37112709, '2018-12-26', 'Daune Bentall', 22201634, 'Feedmix', 'afternoon', 'Bentall', 20379305338, '2023-03-01');
-- insert into "student" (id, name, "courseId", "groupId", direction, phonenumber, email, "DNI", datebirth, "parentName", "parentDNI", "schoolName", "schoolTurn", surname, "CUIT", "courseStartedDate") values (21, 'Brice', '5', null, '260 Lakewood Pass', '2907329936', 'bcellok@myspace.com', 35369461, '1997-10-03', 'Brice Cello', 21268125, 'Divavu', 'nigth', 'Cello', 20379305338, '2023-03-01');
-- insert into "student" (id, name, "courseId", "groupId", direction, phonenumber, email, "DNI", datebirth, "parentName", "parentDNI", "schoolName", "schoolTurn", surname, "CUIT", "courseStartedDate") values (22, 'Irvin', '4', null, '10982 Lindbergh Junction', '3434442190', 'igarahanl@google.com', 37067569, '2016-04-24', 'Irvin Garahan', 23912342, 'Tagcat', 'mornign', 'Garahan', 20379305335, '2023-03-01');
-- insert into "student" (id, name, "courseId", "groupId", direction, phonenumber, email, "DNI", datebirth, "parentName", "parentDNI", "schoolName", "schoolTurn", surname, "CUIT", "courseStartedDate") values (23, 'Ignace', '6', null, '61959 Lotheville Way', '9879734889', 'isedgem@tmall.com', 35959090, '2020-10-03', 'Ignace Sedge', 16924101, 'Linklinks', 'mornign', 'Sedge', 20379305336, '2023-03-01');
-- insert into "student" (id, name, "courseId", "groupId", direction, phonenumber, email, "DNI", datebirth, "parentName", "parentDNI", "schoolName", "schoolTurn", surname, "CUIT", "courseStartedDate") values (24, 'Sander', '2', null, '44 8th Way', '1743796277', 'sdaggn@google.pl', 36227221, '2000-12-29', 'Sander Dagg', 15943029, 'Talane', 'nigth', 'Dagg', 20379305337, '2023-03-01');
-- insert into "student" (id, name, "courseId", "groupId", direction, phonenumber, email, "DNI", datebirth, "parentName", "parentDNI", "schoolName", "schoolTurn", surname, "CUIT", "courseStartedDate") values (25, 'Shelley', '6', null, '7 Randy Crossing', '2297033393', 'swyldero@bloomberg.com', 38792749, '2022-08-23', 'Shelley Wylder', 24439229, 'Pixope', 'nigth', 'Wylder', 20379305337, '2023-03-01');
-- insert into "student" (id, name, "courseId", "groupId", direction, phonenumber, email, "DNI", datebirth, "parentName", "parentDNI", "schoolName", "schoolTurn", surname, "CUIT", "courseStartedDate") values (26, 'Eddy', '2', null, '65 Clyde Gallagher Drive', '8369915896', 'eburmanp@printfriendly.com', 35127159, '2002-07-29', 'Eddy Burman', 17254723, 'Katz', 'afternoon', 'Burman', 20379305336, '2023-03-01');
-- insert into "student" (id, name, "courseId", "groupId", direction, phonenumber, email, "DNI", datebirth, "parentName", "parentDNI", "schoolName", "schoolTurn", surname, "CUIT", "courseStartedDate") values (27, 'Helli', '4', null, '99004 Esker Avenue', '9131746120', 'hfarriesq@photobucket.com', 37208155, '1999-11-11', 'Helli Farries', 18888170, 'Oodoo', 'nigth', 'Farries', 20379305337, '2023-03-01');
-- insert into "student" (id, name, "courseId", "groupId", direction, phonenumber, email, "DNI", datebirth, "parentName", "parentDNI", "schoolName", "schoolTurn", surname, "CUIT", "courseStartedDate") values (28, 'Grant', '1', null, '557 Buena Vista Center', '6009004442', 'graspelr@uol.com.br', 35784167, '2002-12-26', 'Grant Raspel', 18110957, 'Tagtune', 'nigth', 'Raspel', 20379305339, '2023-03-01');
-- insert into "student" (id, name, "courseId", "groupId", direction, phonenumber, email, "DNI", datebirth, "parentName", "parentDNI", "schoolName", "schoolTurn", surname, "CUIT", "courseStartedDate") values (29, 'Sheela', '5', null, '19 Bunting Circle', '8183792616', 'sboissieuxs@ehow.com', 37280689, '1999-11-20', 'Sheela Boissieux', 12978440, 'Thoughtsphere', 'mornign', 'Boissieux', 20379305337, '2023-03-01');
-- insert into "student" (id, name, "courseId", "groupId", direction, phonenumber, email, "DNI", datebirth, "parentName", "parentDNI", "schoolName", "schoolTurn", surname, "CUIT", "courseStartedDate") values (30, 'Laure', '3', null, '6365 Alpine Place', '2707292127', 'lbellet@unesco.org', 38891111, '2022-05-29', 'Laure Belle', 13262703, 'Camido', 'mornign', 'Belle', 20379305339, '2023-03-01');
-- insert into "student" (id, name, "courseId", "groupId", direction, phonenumber, email, "DNI", datebirth, "parentName", "parentDNI", "schoolName", "schoolTurn", surname, "CUIT", "courseStartedDate") values (31, 'Cloe', '1', null, '6 International Lane', '9961710150', 'ccaistoru@netvibes.com', 38741839, '2007-08-12', 'Cloe Caistor', 15560904, 'Roodel', 'nigth', 'Caistor', 20379305335, '2023-03-01');
-- insert into "student" (id, name, "courseId", "groupId", direction, phonenumber, email, "DNI", datebirth, "parentName", "parentDNI", "schoolName", "schoolTurn", surname, "CUIT", "courseStartedDate") values (32, 'Alphonse', '5', null, '5 Wayridge Crossing', '4139727623', 'aheggisonv@networksolutions.com', 37982658, '1999-09-14', 'Alphonse Heggison', 17933134, 'Centidel', 'mornign', 'Heggison', 20379305337, '2023-03-01');
-- insert into "student" (id, name, "courseId", "groupId", direction, phonenumber, email, "DNI", datebirth, "parentName", "parentDNI", "schoolName", "schoolTurn", surname, "CUIT", "courseStartedDate") values (33, 'Sayers', '4', null, '50775 Park Meadow Street', '9136156029', 'smuirdenw@typepad.com', 38439340, '2006-04-24', 'Sayers Muirden', 19540773, 'Photobug', 'nigth', 'Muirden', 20379305339, '2023-03-01');
-- insert into "student" (id, name, "courseId", "groupId", direction, phonenumber, email, "DNI", datebirth, "parentName", "parentDNI", "schoolName", "schoolTurn", surname, "CUIT", "courseStartedDate") values (34, 'Cherey', '2', null, '3199 Knutson Street', '5128256655', 'cdurtnelx@shutterfly.com', 38275158, '2017-03-25', 'Cherey Durtnel', 14229675, 'Skippad', 'afternoon', 'Durtnel', 20379305339, '2023-03-01');
-- insert into "student" (id, name, "courseId", "groupId", direction, phonenumber, email, "DNI", datebirth, "parentName", "parentDNI", "schoolName", "schoolTurn", surname, "CUIT", "courseStartedDate") values (35, 'Isadore', '6', null, '41912 Oak Hill', '7511831373', 'imcginnisy@foxnews.com', 36625722, '1999-01-09', 'Isadore McGinnis', 16320891, 'Skajo', 'afternoon', 'McGinnis', 20379305338, '2023-03-01');
-- insert into "student" (id, name, "courseId", "groupId", direction, phonenumber, email, "DNI", datebirth, "parentName", "parentDNI", "schoolName", "schoolTurn", surname, "CUIT", "courseStartedDate") values (36, 'Shantee', '3', '5', '651 Butternut Plaza', '7185249984', 'sdrissellz@google.it', 38704639, '2016-02-20', 'Shantee Drissell', 14380391, 'Skimia', 'afternoon', 'Drissell', 20379305336, '2023-03-01');
-- insert into "student" (id, name, "courseId", "groupId", direction, phonenumber, email, "DNI", datebirth, "parentName", "parentDNI", "schoolName", "schoolTurn", surname, "CUIT", "courseStartedDate") values (37, 'Christoph', '2', null, '9312 Bunker Hill Way', '5573711224', 'cmoles10@zimbio.com', 38933942, '2022-05-11', 'Christoph Moles', 15479727, 'Thoughtstorm', 'mornign', 'Moles', 20379305335, '2023-03-01');
-- insert into "student" (id, name, "courseId", "groupId", direction, phonenumber, email, "DNI", datebirth, "parentName", "parentDNI", "schoolName", "schoolTurn", surname, "CUIT", "courseStartedDate") values (38, 'Quinton', '4', '4', '922 Loomis Point', '1303688090', 'qhallor11@netlog.com', 38230915, '2013-09-21', 'Quinton Hallor', 20574460, 'Skilith', 'nigth', 'Hallor', 20379305338, '2023-03-01');
-- insert into "student" (id, name, "courseId", "groupId", direction, phonenumber, email, "DNI", datebirth, "parentName", "parentDNI", "schoolName", "schoolTurn", surname, "CUIT", "courseStartedDate") values (39, 'Nari', '6', null, '5063 Drewry Street', '7262270317', 'ntow12@51.la', 36822023, '1996-08-18', 'Nari Tow', 14757161, 'Kwilith', 'afternoon', 'Tow', 20379305336, '2023-03-01');
-- insert into "student" (id, name, "courseId", "groupId", direction, phonenumber, email, "DNI", datebirth, "parentName", "parentDNI", "schoolName", "schoolTurn", surname, "CUIT", "courseStartedDate") values (40, 'Nollie', '1', null, '35440 Transport Hill', '1657850260', 'npobjoy13@slashdot.org', 36266635, '2002-06-22', 'Nollie Pobjoy', 24542455, 'Youbridge', 'mornign', 'Pobjoy', 20379305338, '2023-03-01');
-- insert into "student" (id, name, "courseId", "groupId", direction, phonenumber, email, "DNI", datebirth, "parentName", "parentDNI", "schoolName", "schoolTurn", surname, "CUIT", "courseStartedDate") values (41, 'Coleman', '3', null, '84 Cordelia Place', '7257905497', 'csouthernwood14@independent.co.uk', 35679148, '2020-01-22', 'Coleman Southernwood', 13955112, 'Skajo', 'afternoon', 'Southernwood', 20379305336, '2023-03-01');
-- insert into "student" (id, name, "courseId", "groupId", direction, phonenumber, email, "DNI", datebirth, "parentName", "parentDNI", "schoolName", "schoolTurn", surname, "CUIT", "courseStartedDate") values (42, 'Winna', '5', null, '9 Hintze Plaza', '9835210829', 'wmaccome15@goo.gl', 35988212, '2014-01-29', 'Winna MacCome', 17607951, 'Skajo', 'afternoon', 'MacCome', 20379305335, '2023-03-01');
-- insert into "student" (id, name, "courseId", "groupId", direction, phonenumber, email, "DNI", datebirth, "parentName", "parentDNI", "schoolName", "schoolTurn", surname, "CUIT", "courseStartedDate") values (43, 'Nike', '5', '2', '0973 Pleasure Plaza', '7018608968', 'nmildner16@google.ru', 36395444, '2017-02-25', 'Nike Mildner', 21382636, 'Yakijo', 'nigth', 'Mildner', 20379305338, '2023-03-01');
-- insert into "student" (id, name, "courseId", "groupId", direction, phonenumber, email, "DNI", datebirth, "parentName", "parentDNI", "schoolName", "schoolTurn", surname, "CUIT", "courseStartedDate") values (44, 'Friedrick', '4', null, '1832 Manufacturers Court', '9079191205', 'fvan17@naver.com', 37927675, '2010-06-11', 'Friedrick Van Leeuwen', 12266981, 'Vinder', 'mornign', 'Van Leeuwen', 20379305339, '2023-03-01');
-- insert into "student" (id, name, "courseId", "groupId", direction, phonenumber, email, "DNI", datebirth, "parentName", "parentDNI", "schoolName", "schoolTurn", surname, "CUIT", "courseStartedDate") values (45, 'Jeana', '3', null, '726 Brickson Park Trail', '5843928775', 'jhandforth18@livejournal.com', 35430889, '2017-07-17', 'Jeana Handforth', 12888101, 'Zoombox', 'nigth', 'Handforth', 20379305335, '2023-03-01');
-- insert into "student" (id, name, "courseId", "groupId", direction, phonenumber, email, "DNI", datebirth, "parentName", "parentDNI", "schoolName", "schoolTurn", surname, "CUIT", "courseStartedDate") values (46, 'Michal', '6', null, '80 Muir Road', '9503297639', 'mduffan19@gov.uk', 35318282, '2012-07-03', 'Michal Duffan', 19777768, 'Brightdog', 'afternoon', 'Duffan', 20379305336, '2023-03-01');
-- insert into "student" (id, name, "courseId", "groupId", direction, phonenumber, email, "DNI", datebirth, "parentName", "parentDNI", "schoolName", "schoolTurn", surname, "CUIT", "courseStartedDate") values (47, 'Nickey', '1', '3', '98 Steensland Road', '2221363408', 'nknight1a@vimeo.com', 38554970, '2019-02-12', 'Nickey Knight', 17377944, 'Realcube', 'mornign', 'Knight', 20379305336, '2023-03-01');
-- insert into "student" (id, name, "courseId", "groupId", direction, phonenumber, email, "DNI", datebirth, "parentName", "parentDNI", "schoolName", "schoolTurn", surname, "CUIT", "courseStartedDate") values (48, 'Anstice', '2', null, '999 Spaight Terrace', '3682537858', 'abeebee1b@stanford.edu', 38006026, '2019-08-02', 'Anstice Beebee', 13481004, 'Eamia', 'afternoon', 'Beebee', 20379305337, '2023-03-01');
-- insert into "student" (id, name, "courseId", "groupId", direction, phonenumber, email, "DNI", datebirth, "parentName", "parentDNI", "schoolName", "schoolTurn", surname, "CUIT", "courseStartedDate") values (49, 'Graeme', '4', null, '5 Sloan Parkway', '8648932148', 'gvasenin1c@tuttocitta.it', 36329678, '1998-04-28', 'Graeme Vasenin', 24193693, 'Yakitri', 'nigth', 'Vasenin', 20379305339, '2023-03-01');
-- insert into "student" (id, name, "courseId", "groupId", direction, phonenumber, email, "DNI", datebirth, "parentName", "parentDNI", "schoolName", "schoolTurn", surname, "CUIT", "courseStartedDate") values (50, 'Denna', '6', null, '049 Drewry Way', '8661548712', 'dgreeve1d@163.com', 38218026, '2001-10-03', 'Denna Greeve', 16045697, 'Zoomdog', 'nigth', 'Greeve', 20379305335, '2023-03-01');
-- insert into "student" (id, name, "courseId", "groupId", direction, phonenumber, email, "DNI", datebirth, "parentName", "parentDNI", "schoolName", "schoolTurn", surname, "CUIT", "courseStartedDate") values (51, 'Judi', '1', null, '236 Northwestern Terrace', '3316008137', 'jyorke1e@w3.org', 36796434, '2020-09-24', 'Judi Yorke', 18888646, 'Photofeed', 'afternoon', 'Yorke', 20379305339, '2023-03-01');
-- insert into "student" (id, name, "courseId", "groupId", direction, phonenumber, email, "DNI", datebirth, "parentName", "parentDNI", "schoolName", "schoolTurn", surname, "CUIT", "courseStartedDate") values (52, 'Margarette', '5', null, '492 Arrowood Point', '9705065204', 'masson1f@nba.com', 35908319, '2013-06-01', 'Margarette Asson', 16403703, 'Oodoo', 'nigth', 'Asson', 20379305337, '2023-03-01');
-- insert into "student" (id, name, "courseId", "groupId", direction, phonenumber, email, "DNI", datebirth, "parentName", "parentDNI", "schoolName", "schoolTurn", surname, "CUIT", "courseStartedDate") values (53, 'Tammi', '2', null, '20948 Glacier Hill Lane', '5689809084', 'tgowdridge1g@pbs.org', 37761426, '1993-08-25', 'Tammi Gowdridge', 12068493, 'Agivu', 'mornign', 'Gowdridge', 20379305335, '2023-03-01');
-- insert into "student" (id, name, "courseId", "groupId", direction, phonenumber, email, "DNI", datebirth, "parentName", "parentDNI", "schoolName", "schoolTurn", surname, "CUIT", "courseStartedDate") values (54, 'Sylvia', '3', '1', '80430 Maple Pass', '4942535651', 'splanque1h@latimes.com', 36546851, '2007-08-11', 'Sylvia Planque', 13120017, 'Oyoba', 'afternoon', 'Planque', 20379305339, '2023-03-01');
-- insert into "student" (id, name, "courseId", "groupId", direction, phonenumber, email, "DNI", datebirth, "parentName", "parentDNI", "schoolName", "schoolTurn", surname, "CUIT", "courseStartedDate") values (55, 'Bennie', '5', null, '14 Sloan Place', '6489317854', 'bperrins1i@smugmug.com', 36097467, '1993-12-18', 'Bennie Perrins', 19085126, 'Roomm', 'afternoon', 'Perrins', 20379305335, '2023-03-01');
-- insert into "student" (id, name, "courseId", "groupId", direction, phonenumber, email, "DNI", datebirth, "parentName", "parentDNI", "schoolName", "schoolTurn", surname, "CUIT", "courseStartedDate") values (56, 'Garrott', '3', null, '21 Toban Trail', '2383265649', 'gwinkle1j@redcross.org', 37674762, '1995-07-12', 'Garrott Winkle', 11628385, 'Photofeed', 'nigth', 'Winkle', 20379305339, '2023-03-01');
-- insert into "student" (id, name, "courseId", "groupId", direction, phonenumber, email, "DNI", datebirth, "parentName", "parentDNI", "schoolName", "schoolTurn", surname, "CUIT", "courseStartedDate") values (57, 'Jacquenette', '6', null, '15 Lunder Point', '3161564474', 'jkobierzycki1k@seattletimes.com', 35690442, '2006-11-11', 'Jacquenette Kobierzycki', 24042507, 'Kazu', 'nigth', 'Kobierzycki', 20379305336, '2023-03-01');
-- insert into "student" (id, name, "courseId", "groupId", direction, phonenumber, email, "DNI", datebirth, "parentName", "parentDNI", "schoolName", "schoolTurn", surname, "CUIT", "courseStartedDate") values (58, 'Nickey', '4', null, '33 Brentwood Way', '4887800637', 'nglasebrook1l@soup.io', 38704372, '2005-02-22', 'Nickey Glasebrook', 12188246, 'Oyope', 'mornign', 'Glasebrook', 20379305339, '2023-03-01');
-- insert into "student" (id, name, "courseId", "groupId", direction, phonenumber, email, "DNI", datebirth, "parentName", "parentDNI", "schoolName", "schoolTurn", surname, "CUIT", "courseStartedDate") values (59, 'Jesselyn', '2', null, '59 Anhalt Point', '3657298957', 'jskirlin1m@shinystat.com', 35635930, '1999-06-20', 'Jesselyn Skirlin', 24612137, 'Feedspan', 'afternoon', 'Skirlin', 20379305335, '2023-03-01');
-- insert into "student" (id, name, "courseId", "groupId", direction, phonenumber, email, "DNI", datebirth, "parentName", "parentDNI", "schoolName", "schoolTurn", surname, "CUIT", "courseStartedDate") values (60, 'Louella', '1', null, '84 Eggendart Lane', '4992125445', 'lruoss1n@mail.ru', 38667589, '2002-12-02', 'Louella Ruoss', 11993634, 'Fadeo', 'nigth', 'Ruoss', 20379305338, '2023-03-01');
-- insert into "student" (id, name, "courseId", "groupId", direction, phonenumber, email, "DNI", datebirth, "parentName", "parentDNI", "schoolName", "schoolTurn", surname, "CUIT", "courseStartedDate") values (61, 'Sean', '1', null, '8398 Fieldstone Street', '5817882239', 'sprisk1o@businesswire.com', 37490056, '2003-10-03', 'Sean Prisk', 11873177, 'Ozu', 'nigth', 'Prisk', 20379305336, '2023-03-01');
-- insert into "student" (id, name, "courseId", "groupId", direction, phonenumber, email, "DNI", datebirth, "parentName", "parentDNI", "schoolName", "schoolTurn", surname, "CUIT", "courseStartedDate") values (62, 'Tobye', '4', null, '9205 Trailsway Alley', '3208232817', 'tlammiman1p@yahoo.co.jp', 35624602, '2010-07-02', 'Tobye Lammiman', 12638185, 'Skinte', 'afternoon', 'Lammiman', 20379305335, '2023-03-01');
-- insert into "student" (id, name, "courseId", "groupId", direction, phonenumber, email, "DNI", datebirth, "parentName", "parentDNI", "schoolName", "schoolTurn", surname, "CUIT", "courseStartedDate") values (63, 'Niccolo', '3', null, '74446 Clyde Gallagher Pass', '6367847363', 'ngerhartz1q@craigslist.org', 35373753, '2019-05-01', 'Niccolo Gerhartz', 11295053, 'Feedfire', 'afternoon', 'Gerhartz', 20379305337, '2023-03-01');
-- insert into "student" (id, name, "courseId", "groupId", direction, phonenumber, email, "DNI", datebirth, "parentName", "parentDNI", "schoolName", "schoolTurn", surname, "CUIT", "courseStartedDate") values (64, 'Fidelio', '6', null, '38220 Fairview Crossing', '7338552097', 'flembke1r@goo.gl', 35788788, '2001-04-28', 'Fidelio Lembke', 23501149, 'Gigazoom', 'afternoon', 'Lembke', 20379305337, '2023-03-01');
-- insert into "student" (id, name, "courseId", "groupId", direction, phonenumber, email, "DNI", datebirth, "parentName", "parentDNI", "schoolName", "schoolTurn", surname, "CUIT", "courseStartedDate") values (65, 'Karoline', '2', '5', '1 Laurel Court', '1707092469', 'kkirkland1s@timesonline.co.uk', 36640342, '1998-10-01', 'Karoline Kirkland', 20718138, 'Twitterbeat', 'mornign', 'Kirkland', 20379305337, '2023-03-01');
-- insert into "student" (id, name, "courseId", "groupId", direction, phonenumber, email, "DNI", datebirth, "parentName", "parentDNI", "schoolName", "schoolTurn", surname, "CUIT", "courseStartedDate") values (66, 'Bathsheba', '5', null, '348 Calypso Trail', '2392881430', 'bbedle1t@angelfire.com', 35037273, '2014-01-22', 'Bathsheba Bedle', 10410150, 'Miboo', 'mornign', 'Bedle', 20379305335, '2023-03-01');
-- insert into "student" (id, name, "courseId", "groupId", direction, phonenumber, email, "DNI", datebirth, "parentName", "parentDNI", "schoolName", "schoolTurn", surname, "CUIT", "courseStartedDate") values (67, 'Elladine', '5', null, '30 Forest Run Alley', '6504100157', 'efanthome1u@whitehouse.gov', 38461643, '1994-12-04', 'Elladine Fanthome', 13387585, 'Skilith', 'nigth', 'Fanthome', 20379305339, '2023-03-01');
-- insert into "student" (id, name, "courseId", "groupId", direction, phonenumber, email, "DNI", datebirth, "parentName", "parentDNI", "schoolName", "schoolTurn", surname, "CUIT", "courseStartedDate") values (68, 'Kanya', '6', null, '28394 Ridge Oak Junction', '4108065203', 'kdarthe1v@si.edu', 37930868, '1997-09-19', 'Kanya Darthe', 24197070, 'Tagchat', 'mornign', 'Darthe', 20379305338, '2023-03-01');
-- insert into "student" (id, name, "courseId", "groupId", direction, phonenumber, email, "DNI", datebirth, "parentName", "parentDNI", "schoolName", "schoolTurn", surname, "CUIT", "courseStartedDate") values (69, 'Cariotta', '4', null, '253 Butterfield Trail', '8485078544', 'cseldon1w@linkedin.com', 36766356, '2018-11-12', 'Cariotta Seldon', 19053022, 'Dabjam', 'afternoon', 'Seldon', 20379305336, '2023-03-01');
-- insert into "student" (id, name, "courseId", "groupId", direction, phonenumber, email, "DNI", datebirth, "parentName", "parentDNI", "schoolName", "schoolTurn", surname, "CUIT", "courseStartedDate") values (70, 'Delores', '3', null, '75 Jenna Center', '7521893548', 'dconfort1x@adobe.com', 37027529, '2020-04-14', 'Delores Confort', 20554437, 'Oyope', 'nigth', 'Confort', 20379305336, '2023-03-01');
-- insert into "student" (id, name, "courseId", "groupId", direction, phonenumber, email, "DNI", datebirth, "parentName", "parentDNI", "schoolName", "schoolTurn", surname, "CUIT", "courseStartedDate") values (71, 'Milka', '1', null, '65 Ramsey Crossing', '4869789797', 'msutherden1y@xinhuanet.com', 35655181, '2014-09-27', 'Milka Sutherden', 20721303, 'Trilith', 'mornign', 'Sutherden', 20379305335, '2023-03-01');
-- insert into "student" (id, name, "courseId", "groupId", direction, phonenumber, email, "DNI", datebirth, "parentName", "parentDNI", "schoolName", "schoolTurn", surname, "CUIT", "courseStartedDate") values (72, 'Marysa', '2', null, '62 South Point', '6198622558', 'msawforde1z@arstechnica.com', 38057681, '1994-03-17', 'Marysa Sawforde', 18054627, 'Feedmix', 'mornign', 'Sawforde', 20379305336, '2023-03-01');
-- insert into "student" (id, name, "courseId", "groupId", direction, phonenumber, email, "DNI", datebirth, "parentName", "parentDNI", "schoolName", "schoolTurn", surname, "CUIT", "courseStartedDate") values (73, 'Manon', '3', null, '4524 Hayes Plaza', '5232821589', 'maldersey20@zdnet.com', 38798052, '2004-12-23', 'Manon Aldersey', 15771848, 'Youfeed', 'afternoon', 'Aldersey', 20379305338, '2023-03-01');
-- insert into "student" (id, name, "courseId", "groupId", direction, phonenumber, email, "DNI", datebirth, "parentName", "parentDNI", "schoolName", "schoolTurn", surname, "CUIT", "courseStartedDate") values (74, 'Evelyn', '4', null, '9759 Linden Pass', '9643663843', 'esnozzwell21@stanford.edu', 35235181, '1999-07-20', 'Evelyn Snozzwell', 24067301, 'Realcube', 'mornign', 'Snozzwell', 20379305339, '2023-03-01');
-- insert into "student" (id, name, "courseId", "groupId", direction, phonenumber, email, "DNI", datebirth, "parentName", "parentDNI", "schoolName", "schoolTurn", surname, "CUIT", "courseStartedDate") values (75, 'Lynnelle', '2', null, '60263 Judy Circle', '6074529181', 'lmariot22@bbc.co.uk', 37350552, '1995-09-12', 'Lynnelle Mariot', 15051343, 'Mycat', 'nigth', 'Mariot', 20379305338, '2023-03-01');
-- insert into "student" (id, name, "courseId", "groupId", direction, phonenumber, email, "DNI", datebirth, "parentName", "parentDNI", "schoolName", "schoolTurn", surname, "CUIT", "courseStartedDate") values (76, 'Weylin', '1', null, '134 East Circle', '5765842459', 'wzannuto23@eventbrite.com', 37836926, '2020-10-28', 'Weylin Zannuto', 20541609, 'Browsedrive', 'afternoon', 'Zannuto', 20379305335, '2023-03-01');
-- insert into "student" (id, name, "courseId", "groupId", direction, phonenumber, email, "DNI", datebirth, "parentName", "parentDNI", "schoolName", "schoolTurn", surname, "CUIT", "courseStartedDate") values (77, 'Lavinia', '5', null, '1581 Towne Plaza', '7055711200', 'lspiers24@oracle.com', 35739557, '1999-07-16', 'Lavinia Spiers', 13141411, 'Gabspot', 'mornign', 'Spiers', 20379305335, '2023-03-01');
-- insert into "student" (id, name, "courseId", "groupId", direction, phonenumber, email, "DNI", datebirth, "parentName", "parentDNI", "schoolName", "schoolTurn", surname, "CUIT", "courseStartedDate") values (78, 'Xavier', '6', null, '27964 Susan Court', '2271023705', 'xboorn25@free.fr', 38285797, '2002-04-08', 'Xavier Boorn', 16168913, 'Quinu', 'nigth', 'Boorn', 20379305339, '2023-03-01');
-- insert into "student" (id, name, "courseId", "groupId", direction, phonenumber, email, "DNI", datebirth, "parentName", "parentDNI", "schoolName", "schoolTurn", surname, "CUIT", "courseStartedDate") values (79, 'Berte', '4', null, '9830 Ridgeview Park', '7573324522', 'bbenjafield26@ovh.net', 36366365, '1996-01-16', 'Berte Benjafield', 24117161, 'Skiba', 'mornign', 'Benjafield', 20379305336, '2023-03-01');
-- insert into "student" (id, name, "courseId", "groupId", direction, phonenumber, email, "DNI", datebirth, "parentName", "parentDNI", "schoolName", "schoolTurn", surname, "CUIT", "courseStartedDate") values (80, 'Francesco', '6', null, '092 Esch Center', '9237096852', 'fpolino27@nymag.com', 36555988, '2007-04-02', 'Francesco Polino', 12003369, 'Topiclounge', 'mornign', 'Polino', 20379305337, '2023-03-01');
-- insert into "student" (id, name, "courseId", "groupId", direction, phonenumber, email, "DNI", datebirth, "parentName", "parentDNI", "schoolName", "schoolTurn", surname, "CUIT", "courseStartedDate") values (81, 'Husein', '3', null, '704 Kings Plaza', '6592771111', 'hastell28@whitehouse.gov', 36970296, '2016-01-18', 'Husein Astell', 23059855, 'Vidoo', 'afternoon', 'Astell', 20379305339, '2023-03-01');
-- insert into "student" (id, name, "courseId", "groupId", direction, phonenumber, email, "DNI", datebirth, "parentName", "parentDNI", "schoolName", "schoolTurn", surname, "CUIT", "courseStartedDate") values (82, 'Carolyn', '2', null, '42 Hintze Way', '4264274769', 'cdamrell29@sciencedirect.com', 36442871, '1996-03-18', 'Carolyn Damrell', 19957697, 'Browsecat', 'mornign', 'Damrell', 20379305337, '2023-03-01');
-- insert into "student" (id, name, "courseId", "groupId", direction, phonenumber, email, "DNI", datebirth, "parentName", "parentDNI", "schoolName", "schoolTurn", surname, "CUIT", "courseStartedDate") values (83, 'Ximenez', '5', '3', '130 Parkside Street', '3972275008', 'xmccreagh2a@dagondesign.com', 37337328, '2004-01-25', 'Ximenez McCreagh', 12565987, 'Bubblemix', 'afternoon', 'McCreagh', 20379305339, '2023-03-01');
-- insert into "student" (id, name, "courseId", "groupId", direction, phonenumber, email, "DNI", datebirth, "parentName", "parentDNI", "schoolName", "schoolTurn", surname, "CUIT", "courseStartedDate") values (84, 'Ruddy', '1', null, '69 Reindahl Park', '3856728236', 'rbaughan2b@ifeng.com', 38109084, '1999-12-31', 'Ruddy Baughan', 12200643, 'Cogidoo', 'nigth', 'Baughan', 20379305339, '2023-03-01');
-- insert into "student" (id, name, "courseId", "groupId", direction, phonenumber, email, "DNI", datebirth, "parentName", "parentDNI", "schoolName", "schoolTurn", surname, "CUIT", "courseStartedDate") values (85, 'Verina', '6', null, '8 Packers Point', '2789196657', 'vfaltskog2c@booking.com', 37230206, '2009-02-20', 'Verina Faltskog', 17169424, 'Photospace', 'mornign', 'Faltskog', 20379305339, '2023-03-01');
-- insert into "student" (id, name, "courseId", "groupId", direction, phonenumber, email, "DNI", datebirth, "parentName", "parentDNI", "schoolName", "schoolTurn", surname, "CUIT", "courseStartedDate") values (86, 'Linell', '5', null, '211 Fremont Drive', '7004667983', 'larkwright2d@blogtalkradio.com', 37462098, '1996-06-24', 'Linell Arkwright', 16249795, 'Pixope', 'afternoon', 'Arkwright', 20379305339, '2023-03-01');
-- insert into "student" (id, name, "courseId", "groupId", direction, phonenumber, email, "DNI", datebirth, "parentName", "parentDNI", "schoolName", "schoolTurn", surname, "CUIT", "courseStartedDate") values (87, 'Ellary', '4', null, '27 Lighthouse Bay Alley', '6719858101', 'echislett2e@freewebs.com', 37495623, '1994-10-25', 'Ellary Chislett', 16351782, 'Yodo', 'mornign', 'Chislett', 20379305335, '2023-03-01');
-- insert into "student" (id, name, "courseId", "groupId", direction, phonenumber, email, "DNI", datebirth, "parentName", "parentDNI", "schoolName", "schoolTurn", surname, "CUIT", "courseStartedDate") values (88, 'Nanine', '2', '2', '744 Dryden Alley', '5256597647', 'npardy2f@prweb.com', 38028239, '2016-04-19', 'Nanine Pardy', 24393503, 'Browsedrive', 'mornign', 'Pardy', 20379305339, '2023-03-01');
-- insert into "student" (id, name, "courseId", "groupId", direction, phonenumber, email, "DNI", datebirth, "parentName", "parentDNI", "schoolName", "schoolTurn", surname, "CUIT", "courseStartedDate") values (89, 'Peg', '1', null, '95426 Eastwood Junction', '4639284181', 'pshelborne2g@cbslocal.com', 36737641, '1997-12-16', 'Peg Shelborne', 21919107, 'Eazzy', 'mornign', 'Shelborne', 20379305338, '2023-03-01');
-- insert into "student" (id, name, "courseId", "groupId", direction, phonenumber, email, "DNI", datebirth, "parentName", "parentDNI", "schoolName", "schoolTurn", surname, "CUIT", "courseStartedDate") values (90, 'Pauly', '3', null, '641 Buell Parkway', '3573140765', 'postridge2h@merriam-webster.com', 38615219, '2016-01-21', 'Pauly Ostridge', 16413156, 'Jaxbean', 'afternoon', 'Ostridge', 20379305338, '2023-03-01');
-- insert into "student" (id, name, "courseId", "groupId", direction, phonenumber, email, "DNI", datebirth, "parentName", "parentDNI", "schoolName", "schoolTurn", surname, "CUIT", "courseStartedDate") values (91, 'Jerrine', '3', null, '0964 Monica Alley', '9739830788', 'jgeall2i@hao123.com', 37492882, '1999-01-27', 'Jerrine Geall', 11401671, 'Skimia', 'nigth', 'Geall', 20379305336, '2023-03-01');
-- insert into "student" (id, name, "courseId", "groupId", direction, phonenumber, email, "DNI", datebirth, "parentName", "parentDNI", "schoolName", "schoolTurn", surname, "CUIT", "courseStartedDate") values (92, 'Herc', '2', null, '5758 Summerview Trail', '6667665080', 'hdeverick2j@slashdot.org', 36456651, '2004-05-16', 'Herc Deverick', 10667221, 'Twinte', 'mornign', 'Deverick', 20379305339, '2023-03-01');
-- insert into "student" (id, name, "courseId", "groupId", direction, phonenumber, email, "DNI", datebirth, "parentName", "parentDNI", "schoolName", "schoolTurn", surname, "CUIT", "courseStartedDate") values (93, 'Marcellus', '5', null, '41225 Shoshone Pass', '9949775366', 'mmarkussen2k@state.tx.us', 38137221, '1998-12-06', 'Marcellus Markussen', 19072039, 'Twimm', 'nigth', 'Markussen', 20379305339, '2023-03-01');
-- insert into "student" (id, name, "courseId", "groupId", direction, phonenumber, email, "DNI", datebirth, "parentName", "parentDNI", "schoolName", "schoolTurn", surname, "CUIT", "courseStartedDate") values (94, 'Tammy', '1', null, '416 Nevada Point', '9286053713', 'tfyrth2l@dailymail.co.uk', 37645889, '2018-02-28', 'Tammy Fyrth', 21326383, 'Skaboo', 'mornign', 'Fyrth', 20379305336, '2023-03-01');
-- insert into "student" (id, name, "courseId", "groupId", direction, phonenumber, email, "DNI", datebirth, "parentName", "parentDNI", "schoolName", "schoolTurn", surname, "CUIT", "courseStartedDate") values (95, 'Mychal', '4', null, '62082 Grasskamp Circle', '6103579010', 'mgennerich2m@themeforest.net', 38900496, '1997-03-04', 'Mychal Gennerich', 10569354, 'Twitterbeat', 'afternoon', 'Gennerich', 20379305338, '2023-03-01');
-- insert into "student" (id, name, "courseId", "groupId", direction, phonenumber, email, "DNI", datebirth, "parentName", "parentDNI", "schoolName", "schoolTurn", surname, "CUIT", "courseStartedDate") values (96, 'Augustin', '6', null, '14507 Kropf Parkway', '7004054274', 'ahelder2n@woothemes.com', 38861556, '1996-01-24', 'Augustin Helder', 20259971, 'Jetwire', 'mornign', 'Helder', 20379305336, '2023-03-01');
-- insert into "student" (id, name, "courseId", "groupId", direction, phonenumber, email, "DNI", datebirth, "parentName", "parentDNI", "schoolName", "schoolTurn", surname, "CUIT", "courseStartedDate") values (97, 'Othella', '3', '4', '08 Logan Hill', '1987297801', 'oo2o@state.gov', 35103730, '2011-01-07', 'Othella O'' Shea', 24681643, 'Youbridge', 'afternoon', 'O'' Shea', 20379305338, '2023-03-01');
-- insert into "student" (id, name, "courseId", "groupId", direction, phonenumber, email, "DNI", datebirth, "parentName", "parentDNI", "schoolName", "schoolTurn", surname, "CUIT", "courseStartedDate") values (98, 'Baxie', '2', null, '9 Moose Place', '8319391114', 'bhayer2p@furl.net', 37923340, '1994-08-29', 'Baxie Hayer', 19308397, 'Dabfeed', 'nigth', 'Hayer', 20379305335, '2023-03-01');
-- insert into "student" (id, name, "courseId", "groupId", direction, phonenumber, email, "DNI", datebirth, "parentName", "parentDNI", "schoolName", "schoolTurn", surname, "CUIT", "courseStartedDate") values (99, 'Danna', '5', null, '71 Bunting Plaza', '5053026784', 'dpollett2q@oracle.com', 37412982, '2016-10-30', 'Danna Pollett', 11480876, 'Jazzy', 'mornign', 'Pollett', 20379305338, '2023-03-01');
-- insert into "student" (id, name, "courseId", "groupId", direction, phonenumber, email, "DNI", datebirth, "parentName", "parentDNI", "schoolName", "schoolTurn", surname, "CUIT", "courseStartedDate") values (100, 'Davis', '4', null, '61 Dakota Parkway', '8557105522', 'dnoar2r@mozilla.org', 36530967, '1994-07-05', 'Davis Noar', 10992969, 'Jatri', 'mornign', 'Noar', 20379305339, '2023-03-01');
-- insert into "student" (id, name, "courseId", "groupId", direction, phonenumber, email, "DNI", datebirth, "parentName", "parentDNI", "schoolName", "schoolTurn", surname, "CUIT", "courseStartedDate") values (101, 'Fredrick', '5', null, '5 Crowley Road', '3247106611', 'fcapron2s@unblog.fr', 36586206, '2009-02-04', 'Fredrick Capron', 12319063, 'Gevee', 'afternoon', 'Capron', 20379305339, '2023-03-01');
-- insert into "student" (id, name, "courseId", "groupId", direction, phonenumber, email, "DNI", datebirth, "parentName", "parentDNI", "schoolName", "schoolTurn", surname, "CUIT", "courseStartedDate") values (102, 'Chen', '6', null, '5 Blaine Plaza', '3691779490', 'cdeere2t@moonfruit.com', 37069293, '2021-11-15', 'Chen Deere', 24609614, 'Shufflester', 'afternoon', 'Deere', 20379305338, '2023-03-01');
-- insert into "student" (id, name, "courseId", "groupId", direction, phonenumber, email, "DNI", datebirth, "parentName", "parentDNI", "schoolName", "schoolTurn", surname, "CUIT", "courseStartedDate") values (103, 'Mira', '1', null, '2081 Mitchell Circle', '4079169254', 'mbagott2u@apache.org', 37463069, '2011-05-05', 'Mira Bagott', 19006912, 'Yata', 'nigth', 'Bagott', 20379305337, '2023-03-01');
-- insert into "student" (id, name, "courseId", "groupId", direction, phonenumber, email, "DNI", datebirth, "parentName", "parentDNI", "schoolName", "schoolTurn", surname, "CUIT", "courseStartedDate") values (104, 'Morey', '6', null, '303 Fuller Crossing', '5121061976', 'mtonkinson2v@indiegogo.com', 36348503, '2002-10-17', 'Morey Tonkinson', 14666463, 'Livepath', 'mornign', 'Tonkinson', 20379305335, '2023-03-01');
-- insert into "student" (id, name, "courseId", "groupId", direction, phonenumber, email, "DNI", datebirth, "parentName", "parentDNI", "schoolName", "schoolTurn", surname, "CUIT", "courseStartedDate") values (105, 'Archer', '5', null, '80924 Debra Center', '7232783240', 'adrewitt2w@studiopress.com', 35533707, '2019-01-23', 'Archer Drewitt', 14406353, 'Browsedrive', 'afternoon', 'Drewitt', 20379305338, '2023-03-01');
-- insert into "student" (id, name, "courseId", "groupId", direction, phonenumber, email, "DNI", datebirth, "parentName", "parentDNI", "schoolName", "schoolTurn", surname, "CUIT", "courseStartedDate") values (106, 'Michal', '4', null, '1502 Southridge Drive', '2147850350', 'mliddicoat2x@scientificamerican.com', 35037327, '2002-12-03', 'Michal Liddicoat', 14762609, 'Demimbu', 'nigth', 'Liddicoat', 20379305337, '2023-03-01');
-- insert into "student" (id, name, "courseId", "groupId", direction, phonenumber, email, "DNI", datebirth, "parentName", "parentDNI", "schoolName", "schoolTurn", surname, "CUIT", "courseStartedDate") values (107, 'Arch', '2', null, '0 Transport Circle', '9841023657', 'avan2y@bbc.co.uk', 35901925, '2016-11-08', 'Arch Van den Oord', 15470205, 'Wordify', 'nigth', 'Van den Oord', 20379305339, '2023-03-01');
-- insert into "student" (id, name, "courseId", "groupId", direction, phonenumber, email, "DNI", datebirth, "parentName", "parentDNI", "schoolName", "schoolTurn", surname, "CUIT", "courseStartedDate") values (108, 'Maison', '3', null, '066 Stone Corner Street', '8324081304', 'mhandover2z@unblog.fr', 38745306, '2013-04-02', 'Maison Handover', 16705860, 'Skidoo', 'nigth', 'Handover', 20379305338, '2023-03-01');
-- insert into "student" (id, name, "courseId", "groupId", direction, phonenumber, email, "DNI", datebirth, "parentName", "parentDNI", "schoolName", "schoolTurn", surname, "CUIT", "courseStartedDate") values (109, 'Shana', '6', null, '5 Dovetail Drive', '5838264584', 'srichter30@acquirethisname.com', 35903836, '2022-05-20', 'Shana Richter', 16955810, 'Jayo', 'mornign', 'Richter', 20379305338, '2023-03-01');
-- insert into "student" (id, name, "courseId", "groupId", direction, phonenumber, email, "DNI", datebirth, "parentName", "parentDNI", "schoolName", "schoolTurn", surname, "CUIT", "courseStartedDate") values (110, 'Killian', '5', null, '71 Mockingbird Crossing', '2017647750', 'kleedal31@nhs.uk', 36730766, '2017-12-13', 'Killian Leedal', 16128655, 'Roomm', 'afternoon', 'Leedal', 20379305338, '2023-03-01');
-- insert into "student" (id, name, "courseId", "groupId", direction, phonenumber, email, "DNI", datebirth, "parentName", "parentDNI", "schoolName", "schoolTurn", surname, "CUIT", "courseStartedDate") values (111, 'Etan', '2', null, '0142 Oxford Plaza', '7728699117', 'ecolomb32@marketwatch.com', 37975991, '2008-08-17', 'Etan Colomb', 12432399, 'Quinu', 'nigth', 'Colomb', 20379305336, '2023-03-01');
-- insert into "student" (id, name, "courseId", "groupId", direction, phonenumber, email, "DNI", datebirth, "parentName", "parentDNI", "schoolName", "schoolTurn", surname, "CUIT", "courseStartedDate") values (112, 'Othello', '4', null, '0 Mosinee Circle', '4593383506', 'oboards33@smh.com.au', 37999140, '2004-07-18', 'Othello Boards', 24303836, 'Oba', 'nigth', 'Boards', 20379305337, '2023-03-01');
-- insert into "student" (id, name, "courseId", "groupId", direction, phonenumber, email, "DNI", datebirth, "parentName", "parentDNI", "schoolName", "schoolTurn", surname, "CUIT", "courseStartedDate") values (113, 'Shurlock', '1', null, '80 Birchwood Point', '2903335322', 'sluckwell34@homestead.com', 35627736, '2008-10-19', 'Shurlock Luckwell', 16549375, 'Reallinks', 'mornign', 'Luckwell', 20379305339, '2023-03-01');
-- insert into "student" (id, name, "courseId", "groupId", direction, phonenumber, email, "DNI", datebirth, "parentName", "parentDNI", "schoolName", "schoolTurn", surname, "CUIT", "courseStartedDate") values (114, 'Packston', '3', null, '96884 David Terrace', '7976715125', 'ppaylor35@zdnet.com', 35304823, '2001-04-25', 'Packston Paylor', 19991887, 'Mymm', 'mornign', 'Paylor', 20379305338, '2023-03-01');
-- insert into "student" (id, name, "courseId", "groupId", direction, phonenumber, email, "DNI", datebirth, "parentName", "parentDNI", "schoolName", "schoolTurn", surname, "CUIT", "courseStartedDate") values (115, 'Ashley', '4', null, '8 2nd Avenue', '1482120352', 'arepper36@apache.org', 36442229, '2002-05-28', 'Ashley Repper', 10868019, 'Yombu', 'afternoon', 'Repper', 20379305336, '2023-03-01');
-- insert into "student" (id, name, "courseId", "groupId", direction, phonenumber, email, "DNI", datebirth, "parentName", "parentDNI", "schoolName", "schoolTurn", surname, "CUIT", "courseStartedDate") values (116, 'Barbabra', '1', null, '2 Rusk Place', '2813203674', 'bivanishev37@boston.com', 37742369, '2003-12-11', 'Barbabra Ivanishev', 22623517, 'Skalith', 'mornign', 'Ivanishev', 20379305336, '2023-03-01');
-- insert into "student" (id, name, "courseId", "groupId", direction, phonenumber, email, "DNI", datebirth, "parentName", "parentDNI", "schoolName", "schoolTurn", surname, "CUIT", "courseStartedDate") values (117, 'Eustacia', '5', null, '05 Manley Pass', '7801519818', 'emalacrida38@google.com.br', 37361370, '1996-07-20', 'Eustacia Malacrida', 16482792, 'Tagcat', 'nigth', 'Malacrida', 20379305335, '2023-03-01');
-- insert into "student" (id, name, "courseId", "groupId", direction, phonenumber, email, "DNI", datebirth, "parentName", "parentDNI", "schoolName", "schoolTurn", surname, "CUIT", "courseStartedDate") values (118, 'Franky', '6', null, '116 Roxbury Terrace', '7345289232', 'fivain39@scientificamerican.com', 35236471, '2004-01-18', 'Franky Ivain', 23109886, 'Kwimbee', 'afternoon', 'Ivain', 20379305335, '2023-03-01');
-- insert into "student" (id, name, "courseId", "groupId", direction, phonenumber, email, "DNI", datebirth, "parentName", "parentDNI", "schoolName", "schoolTurn", surname, "CUIT", "courseStartedDate") values (119, 'Mureil', '2', null, '819 Tennyson Junction', '8166978897', 'mtebbit3a@webeden.co.uk', 36772218, '2015-08-24', 'Mureil Tebbit', 16625880, 'Aibox', 'afternoon', 'Tebbit', 20379305337, '2023-03-01');
-- insert into "student" (id, name, "courseId", "groupId", direction, phonenumber, email, "DNI", datebirth, "parentName", "parentDNI", "schoolName", "schoolTurn", surname, "CUIT", "courseStartedDate") values (120, 'Stacia', '3', null, '30687 Oakridge Parkway', '3235896223', 'smacnelly3b@apache.org', 37427654, '2001-10-04', 'Stacia MacNelly', 19860269, 'Riffpedia', 'mornign', 'MacNelly', 20379305338, '2023-03-01');
-- insert into "student" (id, name, "courseId", "groupId", direction, phonenumber, email, "DNI", datebirth, "parentName", "parentDNI", "schoolName", "schoolTurn", surname, "CUIT", "courseStartedDate") values (121, 'Joleen', '4', null, '64 Autumn Leaf Avenue', '8333266900', 'jembury3c@yellowpages.com', 38126516, '2001-02-25', 'Joleen Embury', 22214650, 'Edgeify', 'afternoon', 'Embury', 20379305335, '2023-03-01');
-- insert into "student" (id, name, "courseId", "groupId", direction, phonenumber, email, "DNI", datebirth, "parentName", "parentDNI", "schoolName", "schoolTurn", surname, "CUIT", "courseStartedDate") values (122, 'Trenton', '6', null, '6 Mandrake Park', '1922675649', 'teginton3d@csmonitor.com', 36207728, '2020-06-16', 'Trenton Eginton', 18575479, 'Flashdog', 'afternoon', 'Eginton', 20379305337, '2023-03-01');
-- insert into "student" (id, name, "courseId", "groupId", direction, phonenumber, email, "DNI", datebirth, "parentName", "parentDNI", "schoolName", "schoolTurn", surname, "CUIT", "courseStartedDate") values (123, 'Mikkel', '3', null, '50704 School Crossing', '4441557203', 'msparshett3e@cmu.edu', 38670115, '2016-08-28', 'Mikkel Sparshett', 17325691, 'Talane', 'nigth', 'Sparshett', 20379305338, '2023-03-01');
-- insert into "student" (id, name, "courseId", "groupId", direction, phonenumber, email, "DNI", datebirth, "parentName", "parentDNI", "schoolName", "schoolTurn", surname, "CUIT", "courseStartedDate") values (124, 'Cordula', '2', null, '7832 Golf View Place', '5476162794', 'cfont3f@jugem.jp', 38031223, '2000-07-23', 'Cordula Font', 18316939, 'Centidel', 'mornign', 'Font', 20379305337, '2023-03-01');
-- insert into "student" (id, name, "courseId", "groupId", direction, phonenumber, email, "DNI", datebirth, "parentName", "parentDNI", "schoolName", "schoolTurn", surname, "CUIT", "courseStartedDate") values (125, 'Elsinore', '1', null, '22 8th Alley', '9019068813', 'egrunson3g@ihg.com', 38649020, '2016-09-28', 'Elsinore Grunson', 22760404, 'Feedbug', 'mornign', 'Grunson', 20379305335, '2023-03-01');
-- insert into "student" (id, name, "courseId", "groupId", direction, phonenumber, email, "DNI", datebirth, "parentName", "parentDNI", "schoolName", "schoolTurn", surname, "CUIT", "courseStartedDate") values (126, 'Aindrea', '5', null, '043 Stephen Place', '1524876138', 'amorton3h@java.com', 36296257, '2016-02-17', 'Aindrea Morton', 18916920, 'Babbleopia', 'nigth', 'Morton', 20379305338, '2023-03-01');
-- insert into "student" (id, name, "courseId", "groupId", direction, phonenumber, email, "DNI", datebirth, "parentName", "parentDNI", "schoolName", "schoolTurn", surname, "CUIT", "courseStartedDate") values (127, 'Pattin', '6', null, '4 Pepper Wood Avenue', '8024434871', 'plamdin3i@mysql.com', 36508272, '2012-01-25', 'Pattin Lamdin', 10022067, 'Flashpoint', 'afternoon', 'Lamdin', 20379305338, '2023-03-01');
-- insert into "student" (id, name, "courseId", "groupId", direction, phonenumber, email, "DNI", datebirth, "parentName", "parentDNI", "schoolName", "schoolTurn", surname, "CUIT", "courseStartedDate") values (128, 'Stoddard', '5', null, '551 Merrick Drive', '3649328951', 'sdoring3j@cbsnews.com', 35346413, '2011-12-01', 'Stoddard Doring', 15898980, 'Meeveo', 'nigth', 'Doring', 20379305337, '2023-03-01');
-- insert into "student" (id, name, "courseId", "groupId", direction, phonenumber, email, "DNI", datebirth, "parentName", "parentDNI", "schoolName", "schoolTurn", surname, "CUIT", "courseStartedDate") values (129, 'Coralyn', '3', null, '830 North Road', '6783884106', 'cgilhooly3k@histats.com', 35688371, '2012-04-02', 'Coralyn Gilhooly', 14366567, 'Youspan', 'afternoon', 'Gilhooly', 20379305337, '2023-03-01');
-- insert into "student" (id, name, "courseId", "groupId", direction, phonenumber, email, "DNI", datebirth, "parentName", "parentDNI", "schoolName", "schoolTurn", surname, "CUIT", "courseStartedDate") values (130, 'Regen', '2', null, '0959 Buell Place', '5477584413', 'rtetla3l@amazon.co.uk', 37123020, '2008-09-03', 'Regen Tetla', 18086888, 'Leenti', 'mornign', 'Tetla', 20379305337, '2023-03-01');
-- insert into "student" (id, name, "courseId", "groupId", direction, phonenumber, email, "DNI", datebirth, "parentName", "parentDNI", "schoolName", "schoolTurn", surname, "CUIT", "courseStartedDate") values (131, 'Cara', '4', null, '23511 Springs Park', '8707370027', 'cscrivner3m@ning.com', 35099066, '2015-06-16', 'Cara Scrivner', 24941951, 'Browseblab', 'mornign', 'Scrivner', 20379305339, '2023-03-01');
-- insert into "student" (id, name, "courseId", "groupId", direction, phonenumber, email, "DNI", datebirth, "parentName", "parentDNI", "schoolName", "schoolTurn", surname, "CUIT", "courseStartedDate") values (132, 'Vickie', '1', null, '7 Hallows Road', '4475015788', 'vsommerled3n@unesco.org', 37189530, '1994-12-13', 'Vickie Sommerled', 17129762, 'Roomm', 'nigth', 'Sommerled', 20379305337, '2023-03-01');
-- insert into "student" (id, name, "courseId", "groupId", direction, phonenumber, email, "DNI", datebirth, "parentName", "parentDNI", "schoolName", "schoolTurn", surname, "CUIT", "courseStartedDate") values (133, 'Willetta', '6', null, '63 Namekagon Place', '3151261515', 'wlockery3o@wisc.edu', 35129982, '1999-12-31', 'Willetta Lockery', 10517356, 'Youspan', 'afternoon', 'Lockery', 20379305336, '2023-03-01');
-- insert into "student" (id, name, "courseId", "groupId", direction, phonenumber, email, "DNI", datebirth, "parentName", "parentDNI", "schoolName", "schoolTurn", surname, "CUIT", "courseStartedDate") values (134, 'Elizabet', '1', null, '309 Vahlen Place', '2877317717', 'ekundert3p@cdbaby.com', 38307051, '2014-09-06', 'Elizabet Kundert', 24873534, 'Skipstorm', 'nigth', 'Kundert', 20379305338, '2023-03-01');
-- insert into "student" (id, name, "courseId", "groupId", direction, phonenumber, email, "DNI", datebirth, "parentName", "parentDNI", "schoolName", "schoolTurn", surname, "CUIT", "courseStartedDate") values (135, 'Maisey', '4', null, '3 Loftsgordon Junction', '2348222818', 'mhuetson3q@blogspot.com', 36722969, '1995-06-02', 'Maisey Huetson', 20940787, 'Skynoodle', 'afternoon', 'Huetson', 20379305338, '2023-03-01');
-- insert into "student" (id, name, "courseId", "groupId", direction, phonenumber, email, "DNI", datebirth, "parentName", "parentDNI", "schoolName", "schoolTurn", surname, "CUIT", "courseStartedDate") values (136, 'Ebba', '3', null, '126 Sunnyside Parkway', '8778900679', 'efilipputti3r@cdc.gov', 38091119, '1996-10-08', 'Ebba Filipputti', 22943257, 'Kwinu', 'mornign', 'Filipputti', 20379305337, '2023-03-01');
-- insert into "student" (id, name, "courseId", "groupId", direction, phonenumber, email, "DNI", datebirth, "parentName", "parentDNI", "schoolName", "schoolTurn", surname, "CUIT", "courseStartedDate") values (137, 'Gabrila', '5', null, '33365 Northland Pass', '4272455838', 'gmedwell3s@apache.org', 36405723, '2004-02-20', 'Gabrila Medwell', 21048230, 'Voomm', 'afternoon', 'Medwell', 20379305339, '2023-03-01');
-- insert into "student" (id, name, "courseId", "groupId", direction, phonenumber, email, "DNI", datebirth, "parentName", "parentDNI", "schoolName", "schoolTurn", surname, "CUIT", "courseStartedDate") values (138, 'Corinna', '2', null, '39293 Fremont Center', '4543759788', 'cpea3t@purevolume.com', 38255382, '2013-09-23', 'Corinna Pea', 22480209, 'Eabox', 'mornign', 'Pea', 20379305337, '2023-03-01');
-- insert into "student" (id, name, "courseId", "groupId", direction, phonenumber, email, "DNI", datebirth, "parentName", "parentDNI", "schoolName", "schoolTurn", surname, "CUIT", "courseStartedDate") values (139, 'Ky', '6', null, '40 Debra Hill', '1398692267', 'kcaville3u@epa.gov', 35259695, '2009-12-23', 'Ky Caville', 20221765, 'Thoughtstorm', 'mornign', 'Caville', 20379305338, '2023-03-01');
-- insert into "student" (id, name, "courseId", "groupId", direction, phonenumber, email, "DNI", datebirth, "parentName", "parentDNI", "schoolName", "schoolTurn", surname, "CUIT", "courseStartedDate") values (140, 'Loy', '1', null, '6 Armistice Place', '3662305741', 'lferie3v@dion.ne.jp', 38178241, '2016-05-13', 'Loy Ferie', 14406729, 'Livetube', 'mornign', 'Ferie', 20379305335, '2023-03-01');
-- insert into "student" (id, name, "courseId", "groupId", direction, phonenumber, email, "DNI", datebirth, "parentName", "parentDNI", "schoolName", "schoolTurn", surname, "CUIT", "courseStartedDate") values (141, 'Brenden', '2', null, '4111 Hanover Way', '1824518616', 'bstienton3w@si.edu', 35698505, '1997-07-09', 'Brenden Stienton', 17623897, 'Kimia', 'nigth', 'Stienton', 20379305339, '2023-03-01');
-- insert into "student" (id, name, "courseId", "groupId", direction, phonenumber, email, "DNI", datebirth, "parentName", "parentDNI", "schoolName", "schoolTurn", surname, "CUIT", "courseStartedDate") values (142, 'Rochella', '5', null, '67619 Knutson Circle', '2135438563', 'rpettiford3x@devhub.com', 36007449, '2002-09-06', 'Rochella Pettiford', 21512348, 'Ooba', 'mornign', 'Pettiford', 20379305335, '2023-03-01');
-- insert into "student" (id, name, "courseId", "groupId", direction, phonenumber, email, "DNI", datebirth, "parentName", "parentDNI", "schoolName", "schoolTurn", surname, "CUIT", "courseStartedDate") values (143, 'Arlette', '3', '1', '48 Glendale Center', '1691751142', 'aryder3y@godaddy.com', 35818967, '2002-04-25', 'Arlette Ryder', 21913075, 'Zoomdog', 'mornign', 'Ryder', 20379305339, '2023-03-01');
-- insert into "student" (id, name, "courseId", "groupId", direction, phonenumber, email, "DNI", datebirth, "parentName", "parentDNI", "schoolName", "schoolTurn", surname, "CUIT", "courseStartedDate") values (144, 'Denys', '4', null, '3 Comanche Circle', '2348170032', 'dsuston3z@bbc.co.uk', 37645566, '2020-02-24', 'Denys Suston', 20750674, 'Yodoo', 'afternoon', 'Suston', 20379305339, '2023-03-01');
-- insert into "student" (id, name, "courseId", "groupId", direction, phonenumber, email, "DNI", datebirth, "parentName", "parentDNI", "schoolName", "schoolTurn", surname, "CUIT", "courseStartedDate") values (145, 'Tonye', '2', null, '0 Warner Lane', '1196870650', 'tcorkell40@youtube.com', 35518262, '1999-12-15', 'Tonye Corkell', 13739767, 'Snaptags', 'mornign', 'Corkell', 20379305336, '2023-03-01');
-- insert into "student" (id, name, "courseId", "groupId", direction, phonenumber, email, "DNI", datebirth, "parentName", "parentDNI", "schoolName", "schoolTurn", surname, "CUIT", "courseStartedDate") values (146, 'Karol', '1', null, '34990 Eagle Crest Point', '2074306748', 'kfairbourne41@ted.com', 38315228, '2020-01-24', 'Karol Fairbourne', 12243499, 'Skalith', 'mornign', 'Fairbourne', 20379305337, '2023-03-01');
-- insert into "student" (id, name, "courseId", "groupId", direction, phonenumber, email, "DNI", datebirth, "parentName", "parentDNI", "schoolName", "schoolTurn", surname, "CUIT", "courseStartedDate") values (147, 'Wake', '6', null, '9 Clyde Gallagher Circle', '5904116750', 'wsadat42@adobe.com', 38946161, '2018-06-02', 'Wake Sadat', 18158941, 'Topiczoom', 'mornign', 'Sadat', 20379305339, '2023-03-01');
-- insert into "student" (id, name, "courseId", "groupId", direction, phonenumber, email, "DNI", datebirth, "parentName", "parentDNI", "schoolName", "schoolTurn", surname, "CUIT", "courseStartedDate") values (148, 'Micky', '5', null, '12 Summit Junction', '4415054344', 'mkennelly43@simplemachines.org', 35140770, '2009-02-02', 'Micky Kennelly', 13554575, 'Jaloo', 'afternoon', 'Kennelly', 20379305336, '2023-03-01');
-- insert into "student" (id, name, "courseId", "groupId", direction, phonenumber, email, "DNI", datebirth, "parentName", "parentDNI", "schoolName", "schoolTurn", surname, "CUIT", "courseStartedDate") values (149, 'Ring', '4', null, '66512 Nova Way', '4728328413', 'rcattow44@chronoengine.com', 37403713, '2016-08-03', 'Ring Cattow', 13031956, 'Brightbean', 'mornign', 'Cattow', 20379305336, '2023-03-01');
-- insert into "student" (id, name, "courseId", "groupId", direction, phonenumber, email, "DNI", datebirth, "parentName", "parentDNI", "schoolName", "schoolTurn", surname, "CUIT", "courseStartedDate") values (150, 'Heywood', '3', null, '052 Park Meadow Point', '8964720215', 'hscarlon45@cornell.edu', 37266561, '1993-05-25', 'Heywood Scarlon', 23452081, 'Oyonder', 'mornign', 'Scarlon', 20379305338, '2023-03-01');

-- -- OBLIGATORY FIELDS 
-- -- pamentMethod
-- insert into "paymentMethod" (id, name) values (10, 'Efectivo');
-- -- incomeCategory
-- insert into "incomeCategory" (id, name) values (10, 'Cuotas');

-- Income
-- insert into income (id, "incomeCategoryId", amount, "dateRegistered", "studentId", "paymentMethodId", detail) values (1, '1', 80, '2023-01-03', '37', '1', 'pede lobortis ligula');
-- insert into income (id, "incomeCategoryId", amount, "dateRegistered", "studentId", "paymentMethodId", detail) values (2, '3', 15, '2023-04-26', '118', '4', 'felis donec semper sapien');
-- insert into income (id, "incomeCategoryId", amount, "dateRegistered", "studentId", "paymentMethodId", detail) values (3, '2', 71, '2023-04-29', '4', '3', 'tristique fusce congue');
-- insert into income (id, "incomeCategoryId", amount, "dateRegistered", "studentId", "paymentMethodId", detail) values (4, '4', 91, '2023-05-12', '64', '2', '');
-- insert into income (id, "incomeCategoryId", amount, "dateRegistered", "studentId", "paymentMethodId", detail) values (5, '4', 88, '2023-04-25', '80', '4', 'leo pellentesque ultrices mattis odio');
-- insert into income (id, "incomeCategoryId", amount, "dateRegistered", "studentId", "paymentMethodId", detail) values (6, '3', 46, '2023-01-02', '46', '2', 'et magnis dis');
-- insert into income (id, "incomeCategoryId", amount, "dateRegistered", "studentId", "paymentMethodId", detail) values (7, '1', 32, '2023-05-07', '66', '3', '');
-- insert into income (id, "incomeCategoryId", amount, "dateRegistered", "studentId", "paymentMethodId", detail) values (8, '2', 66, '2023-02-25', '27', '1', 'nec euismod');
-- insert into income (id, "incomeCategoryId", amount, "dateRegistered", "studentId", "paymentMethodId", detail) values (9, '2', 76, '2023-04-30', '131', '2', 'nec nisi vulputate nonummy');
-- insert into income (id, "incomeCategoryId", amount, "dateRegistered", "studentId", "paymentMethodId", detail) values (10, '4', 15, '2023-04-19', '58', '1', 'at nulla suspendisse potenti');
-- insert into income (id, "incomeCategoryId", amount, "dateRegistered", "studentId", "paymentMethodId", detail) values (11, '1', 55, '2023-03-11', '77', '3', 'sed augue aliquam');
-- insert into income (id, "incomeCategoryId", amount, "dateRegistered", "studentId", "paymentMethodId", detail) values (12, '3', 96, '2023-04-10', '28', '4', 'et ultrices posuere');
-- insert into income (id, "incomeCategoryId", amount, "dateRegistered", "studentId", "paymentMethodId", detail) values (13, '2', 80, '2023-04-30', '130', '2', '');
-- insert into income (id, "incomeCategoryId", amount, "dateRegistered", "studentId", "paymentMethodId", detail) values (14, '3', 83, '2023-01-18', '16', '1', 'aenean fermentum donec ut');
-- insert into income (id, "incomeCategoryId", amount, "dateRegistered", "studentId", "paymentMethodId", detail) values (15, '1', 77, '2023-02-27', '94', '3', 'et magnis dis parturient');
-- insert into income (id, "incomeCategoryId", amount, "dateRegistered", "studentId", "paymentMethodId", detail) values (16, '4', 49, '2023-03-07', '87', '4', 'tempus vivamus');
-- insert into income (id, "incomeCategoryId", amount, "dateRegistered", "studentId", "paymentMethodId", detail) values (17, '1', 25, '2023-03-28', '5', '4', '');
-- insert into income (id, "incomeCategoryId", amount, "dateRegistered", "studentId", "paymentMethodId", detail) values (18, '3', 53, '2023-02-05', '73', '2', 'et');
-- insert into income (id, "incomeCategoryId", amount, "dateRegistered", "studentId", "paymentMethodId", detail) values (19, '2', 32, '2023-02-18', '92', '1', '');
-- insert into income (id, "incomeCategoryId", amount, "dateRegistered", "studentId", "paymentMethodId", detail) values (20, '4', 83, '2023-02-16', '116', '3', 'eros suspendisse accumsan');
-- insert into income (id, "incomeCategoryId", amount, "dateRegistered", "studentId", "paymentMethodId", detail) values (21, '4', 91, '2023-03-12', '149', '1', 'in hac habitasse platea');
-- insert into income (id, "incomeCategoryId", amount, "dateRegistered", "studentId", "paymentMethodId", detail) values (22, '3', 87, '2023-01-03', '81', '3', 'eleifend quam a');
-- insert into income (id, "incomeCategoryId", amount, "dateRegistered", "studentId", "paymentMethodId", detail) values (23, '2', 94, '2023-04-26', '150', '2', 'pretium');
-- insert into income (id, "incomeCategoryId", amount, "dateRegistered", "studentId", "paymentMethodId", detail) values (24, '1', 20, '2023-02-27', '86', '4', 'etiam');
-- insert into income (id, "incomeCategoryId", amount, "dateRegistered", "studentId", "paymentMethodId", detail) values (25, '3', 84, '2023-02-07', '33', '3', 'cursus');
-- insert into income (id, "incomeCategoryId", amount, "dateRegistered", "studentId", "paymentMethodId", detail) values (26, '2', 61, '2023-02-09', '10', '1', 'ipsum ac tellus');
-- insert into income (id, "incomeCategoryId", amount, "dateRegistered", "studentId", "paymentMethodId", detail) values (27, '1', 92, '2023-05-02', '98', '2', '');
-- insert into income (id, "incomeCategoryId", amount, "dateRegistered", "studentId", "paymentMethodId", detail) values (28, '4', 42, '2023-04-15', '50', '4', 'lectus aliquam sit amet');
-- insert into income (id, "incomeCategoryId", amount, "dateRegistered", "studentId", "paymentMethodId", detail) values (29, '1', 25, '2023-02-21', '88', '3', 'quis odio consequat');
-- insert into income (id, "incomeCategoryId", amount, "dateRegistered", "studentId", "paymentMethodId", detail) values (30, '3', 22, '2023-01-28', '123', '4', 'ultrices enim lorem ipsum dolor');
-- insert into income (id, "incomeCategoryId", amount, "dateRegistered", "studentId", "paymentMethodId", detail) values (31, '4', 51, '2023-03-24', '71', '2', 'mattis');
-- insert into income (id, "incomeCategoryId", amount, "dateRegistered", "studentId", "paymentMethodId", detail) values (32, '2', 71, '2023-05-11', '59', '1', 'quam a');
-- insert into income (id, "incomeCategoryId", amount, "dateRegistered", "studentId", "paymentMethodId", detail) values (33, '2', 51, '2023-01-01', '1', '2', 'adipiscing lorem vitae');
-- insert into income (id, "incomeCategoryId", amount, "dateRegistered", "studentId", "paymentMethodId", detail) values (34, '1', 30, '2023-02-08', '108', '1', 'vestibulum');
-- insert into income (id, "incomeCategoryId", amount, "dateRegistered", "studentId", "paymentMethodId", detail) values (35, '4', 53, '2023-01-12', '93', '3', 'sed vestibulum sit amet cursus');
-- insert into income (id, "incomeCategoryId", amount, "dateRegistered", "studentId", "paymentMethodId", detail) values (36, '3', 47, '2023-03-23', '12', '4', 'sed lacus morbi sem');
-- insert into income (id, "incomeCategoryId", amount, "dateRegistered", "studentId", "paymentMethodId", detail) values (37, '4', 41, '2023-01-06', '47', '2', 'nulla ut erat');
-- insert into income (id, "incomeCategoryId", amount, "dateRegistered", "studentId", "paymentMethodId", detail) values (38, '2', 55, '2023-04-04', '69', '1', 'non');
-- insert into income (id, "incomeCategoryId", amount, "dateRegistered", "studentId", "paymentMethodId", detail) values (39, '3', 44, '2023-04-30', '138', '3', '');
-- insert into income (id, "incomeCategoryId", amount, "dateRegistered", "studentId", "paymentMethodId", detail) values (40, '1', 58, '2023-03-24', '101', '4', '');
-- insert into income (id, "incomeCategoryId", amount, "dateRegistered", "studentId", "paymentMethodId", detail) values (41, '3', 86, '2023-02-05', '40', '1', '');
-- insert into income (id, "incomeCategoryId", amount, "dateRegistered", "studentId", "paymentMethodId", detail) values (42, '1', 16, '2023-05-14', '61', '2', 'mattis');
-- insert into income (id, "incomeCategoryId", amount, "dateRegistered", "studentId", "paymentMethodId", detail) values (43, '4', 13, '2023-02-27', '115', '3', '');
-- insert into income (id, "incomeCategoryId", amount, "dateRegistered", "studentId", "paymentMethodId", detail) values (44, '2', 53, '2023-04-14', '43', '4', 'sem duis aliquam');
-- insert into income (id, "incomeCategoryId", amount, "dateRegistered", "studentId", "paymentMethodId", detail) values (45, '2', 42, '2023-04-19', '117', '4', 'pede');
-- insert into income (id, "incomeCategoryId", amount, "dateRegistered", "studentId", "paymentMethodId", detail) values (46, '1', 5, '2023-03-25', '2', '3', '');
-- insert into income (id, "incomeCategoryId", amount, "dateRegistered", "studentId", "paymentMethodId", detail) values (47, '3', 34, '2023-04-19', '126', '2', 'sit amet nulla quisque arcu');
-- insert into income (id, "incomeCategoryId", amount, "dateRegistered", "studentId", "paymentMethodId", detail) values (48, '4', 39, '2023-01-31', '127', '1', 'orci luctus et ultrices');
-- insert into income (id, "incomeCategoryId", amount, "dateRegistered", "studentId", "paymentMethodId", detail) values (49, '4', 36, '2023-03-05', '147', '4', '');
-- insert into income (id, "incomeCategoryId", amount, "dateRegistered", "studentId", "paymentMethodId", detail) values (50, '1', 61, '2023-01-07', '141', '3', '');
-- insert into income (id, "incomeCategoryId", amount, "dateRegistered", "studentId", "paymentMethodId", detail) values (51, '3', 81, '2023-01-05', '17', '1', 'sit amet diam in magna');
-- insert into income (id, "incomeCategoryId", amount, "dateRegistered", "studentId", "paymentMethodId", detail) values (52, '2', 46, '2023-04-18', '96', '2', 'quis orci nullam');
-- insert into income (id, "incomeCategoryId", amount, "dateRegistered", "studentId", "paymentMethodId", detail) values (53, '2', 90, '2023-05-04', '145', '3', 'morbi porttitor lorem');
-- insert into income (id, "incomeCategoryId", amount, "dateRegistered", "studentId", "paymentMethodId", detail) values (54, '1', 84, '2023-01-21', '55', '2', 'massa donec dapibus duis at');
-- insert into income (id, "incomeCategoryId", amount, "dateRegistered", "studentId", "paymentMethodId", detail) values (55, '4', 52, '2023-05-10', '119', '4', 'erat eros');
-- insert into income (id, "incomeCategoryId", amount, "dateRegistered", "studentId", "paymentMethodId", detail) values (56, '3', 22, '2023-01-04', '102', '1', 'justo sit amet sapien dignissim');
-- insert into income (id, "incomeCategoryId", amount, "dateRegistered", "studentId", "paymentMethodId", detail) values (57, '3', 45, '2023-01-24', '122', '3', '');
-- insert into income (id, "incomeCategoryId", amount, "dateRegistered", "studentId", "paymentMethodId", detail) values (58, '1', 33, '2023-03-06', '99', '4', 'cras non velit nec');
-- insert into income (id, "incomeCategoryId", amount, "dateRegistered", "studentId", "paymentMethodId", detail) values (59, '4', 89, '2023-01-01', '97', '1', '');
-- insert into income (id, "incomeCategoryId", amount, "dateRegistered", "studentId", "paymentMethodId", detail) values (60, '2', 26, '2023-01-19', '74', '2', 'at nibh in hac');
-- insert into income (id, "incomeCategoryId", amount, "dateRegistered", "studentId", "paymentMethodId", detail) values (61, '2', 70, '2023-02-15', '146', '1', 'luctus cum sociis natoque');
-- insert into income (id, "incomeCategoryId", amount, "dateRegistered", "studentId", "paymentMethodId", detail) values (62, '1', 73, '2023-02-17', '36', '4', 'risus auctor');
-- insert into income (id, "incomeCategoryId", amount, "dateRegistered", "studentId", "paymentMethodId", detail) values (63, '4', 98, '2023-04-06', '120', '2', 'aliquam');
-- insert into income (id, "incomeCategoryId", amount, "dateRegistered", "studentId", "paymentMethodId", detail) values (64, '3', 73, '2023-02-09', '41', '3', 'elit sodales scelerisque');
-- insert into income (id, "incomeCategoryId", amount, "dateRegistered", "studentId", "paymentMethodId", detail) values (65, '4', 29, '2023-01-10', '57', '4', 'sapien placerat ante nulla');
-- insert into income (id, "incomeCategoryId", amount, "dateRegistered", "studentId", "paymentMethodId", detail) values (66, '3', 88, '2023-05-06', '9', '2', '');
-- insert into income (id, "incomeCategoryId", amount, "dateRegistered", "studentId", "paymentMethodId", detail) values (67, '2', 85, '2023-01-08', '30', '1', 'donec pharetra magna');
-- insert into income (id, "incomeCategoryId", amount, "dateRegistered", "studentId", "paymentMethodId", detail) values (68, '1', 97, '2023-04-13', '136', '3', 'habitasse platea dictumst morbi');
-- insert into income (id, "incomeCategoryId", amount, "dateRegistered", "studentId", "paymentMethodId", detail) values (69, '4', 60, '2023-04-18', '124', '1', 'augue');
-- insert into income (id, "incomeCategoryId", amount, "dateRegistered", "studentId", "paymentMethodId", detail) values (70, '1', 87, '2023-04-24', '143', '2', 'nulla');
-- insert into income (id, "incomeCategoryId", amount, "dateRegistered", "studentId", "paymentMethodId", detail) values (71, '3', 1, '2023-04-16', '65', '3', 'nam dui proin leo odio');
-- insert into income (id, "incomeCategoryId", amount, "dateRegistered", "studentId", "paymentMethodId", detail) values (72, '2', 20, '2023-03-16', '19', '4', 'sit amet justo morbi');
-- insert into income (id, "incomeCategoryId", amount, "dateRegistered", "studentId", "paymentMethodId", detail) values (73, '1', 4, '2023-04-29', '104', '2', '');
-- insert into income (id, "incomeCategoryId", amount, "dateRegistered", "studentId", "paymentMethodId", detail) values (74, '4', 3, '2023-04-01', '3', '3', 'nulla tellus');
-- insert into income (id, "incomeCategoryId", amount, "dateRegistered", "studentId", "paymentMethodId", detail) values (75, '3', 92, '2023-03-08', '44', '1', 'mauris ullamcorper purus sit amet');
-- insert into income (id, "incomeCategoryId", amount, "dateRegistered", "studentId", "paymentMethodId", detail) values (76, '2', 78, '2023-01-18', '31', '4', 'in');
-- insert into income (id, "incomeCategoryId", amount, "dateRegistered", "studentId", "paymentMethodId", detail) values (77, '1', 88, '2023-04-11', '132', '3', 'lectus pellentesque');
-- insert into income (id, "incomeCategoryId", amount, "dateRegistered", "studentId", "paymentMethodId", detail) values (78, '2', 96, '2023-04-18', '7', '2', '');
-- insert into income (id, "incomeCategoryId", amount, "dateRegistered", "studentId", "paymentMethodId", detail) values (79, '3', 7, '2023-05-01', '75', '4', 'eu nibh quisque id justo');
-- insert into income (id, "incomeCategoryId", amount, "dateRegistered", "studentId", "paymentMethodId", detail) values (80, '4', 77, '2023-03-06', '121', '1', 'eget elit sodales');
-- insert into income (id, "incomeCategoryId", amount, "dateRegistered", "studentId", "paymentMethodId", detail) values (81, '2', 29, '2023-02-23', '83', '4', 'mauris lacinia');
-- insert into income (id, "incomeCategoryId", amount, "dateRegistered", "studentId", "paymentMethodId", detail) values (82, '3', 3, '2023-04-05', '106', '3', 'semper sapien a libero');
-- insert into income (id, "incomeCategoryId", amount, "dateRegistered", "studentId", "paymentMethodId", detail) values (83, '4', 67, '2023-03-15', '32', '2', 'posuere');
-- insert into income (id, "incomeCategoryId", amount, "dateRegistered", "studentId", "paymentMethodId", detail) values (84, '1', 43, '2023-03-10', '95', '1', 'convallis');
-- insert into income (id, "incomeCategoryId", amount, "dateRegistered", "studentId", "paymentMethodId", detail) values (85, '4', 63, '2023-05-04', '20', '2', 'urna ut tellus nulla');
-- insert into income (id, "incomeCategoryId", amount, "dateRegistered", "studentId", "paymentMethodId", detail) values (86, '1', 68, '2023-01-06', '14', '3', 'nunc viverra dapibus nulla');
-- insert into income (id, "incomeCategoryId", amount, "dateRegistered", "studentId", "paymentMethodId", detail) values (87, '3', 32, '2023-02-25', '139', '4', 'integer tincidunt ante vel');
-- insert into income (id, "incomeCategoryId", amount, "dateRegistered", "studentId", "paymentMethodId", detail) values (88, '2', 91, '2023-01-10', '84', '1', 'posuere nonummy');
-- insert into income (id, "incomeCategoryId", amount, "dateRegistered", "studentId", "paymentMethodId", detail) values (89, '2', 77, '2023-02-22', '60', '3', 'rhoncus');
-- insert into income (id, "incomeCategoryId", amount, "dateRegistered", "studentId", "paymentMethodId", detail) values (90, '1', 59, '2023-02-28', '111', '1', 'sapien ut');
-- insert into income (id, "incomeCategoryId", amount, "dateRegistered", "studentId", "paymentMethodId", detail) values (91, '4', 99, '2023-01-09', '137', '2', '');
-- insert into income (id, "incomeCategoryId", amount, "dateRegistered", "studentId", "paymentMethodId", detail) values (92, '3', 77, '2023-02-06', '23', '4', 'proin');
-- insert into income (id, "incomeCategoryId", amount, "dateRegistered", "studentId", "paymentMethodId", detail) values (93, '2', 67, '2023-04-27', '53', '1', 'id ornare imperdiet');
-- insert into income (id, "incomeCategoryId", amount, "dateRegistered", "studentId", "paymentMethodId", detail) values (94, '1', 68, '2023-04-21', '67', '4', 'pretium iaculis justo in hac');
-- insert into income (id, "incomeCategoryId", amount, "dateRegistered", "studentId", "paymentMethodId", detail) values (95, '3', 21, '2023-04-06', '51', '2', 'donec posuere metus vitae');
-- insert into income (id, "incomeCategoryId", amount, "dateRegistered", "studentId", "paymentMethodId", detail) values (96, '4', 47, '2023-05-14', '26', '3', 'laoreet ut rhoncus aliquet');
-- insert into income (id, "incomeCategoryId", amount, "dateRegistered", "studentId", "paymentMethodId", detail) values (97, '3', 60, '2023-05-04', '8', '3', 'cursus');
-- insert into income (id, "incomeCategoryId", amount, "dateRegistered", "studentId", "paymentMethodId", detail) values (98, '1', 61, '2023-03-27', '148', '2', 'in lacus curabitur');
-- insert into income (id, "incomeCategoryId", amount, "dateRegistered", "studentId", "paymentMethodId", detail) values (99, '2', 91, '2023-04-10', '112', '1', 'ut ultrices');
-- insert into income (id, "incomeCategoryId", amount, "dateRegistered", "studentId", "paymentMethodId", detail) values (100, '4', 83, '2023-03-02', '6', '4', 'integer');



-- --initialCash
-- insert into "initialCash" (id, date, amount) values (1, '2023-02-21', 79);
-- insert into "initialCash" (id, date, amount) values (2, '2023-04-23', 189);
-- insert into "initialCash" (id, date, amount) values (3, '2023-03-15', 197);
-- insert into "initialCash" (id, date, amount) values (4, '2023-02-04', 149);
-- insert into "initialCash" (id, date, amount) values (5, '2023-02-17', 145);
-- insert into "initialCash" (id, date, amount) values (6, '2023-01-11', 178);
-- insert into "initialCash" (id, date, amount) values (7, '2023-01-04', 115);
-- insert into "initialCash" (id, date, amount) values (8, '2023-02-08', 7);
-- insert into "initialCash" (id, date, amount) values (9, '2023-02-19', 152);
-- insert into "initialCash" (id, date, amount) values (10, '2023-02-24', 74);
-- insert into "initialCash" (id, date, amount) values (11, '2023-01-13', 188);
-- insert into "initialCash" (id, date, amount) values (12, '2023-02-22', 123);
-- insert into "initialCash" (id, date, amount) values (13, '2023-03-09', 169);
-- insert into "initialCash" (id, date, amount) values (14, '2023-02-27', 25);
-- insert into "initialCash" (id, date, amount) values (15, '2023-03-12', 67);
-- insert into "initialCash" (id, date, amount) values (16, '2023-04-18', 199);
-- insert into "initialCash" (id, date, amount) values (17, '2023-01-06', 92);
-- insert into "initialCash" (id, date, amount) values (18, '2023-05-03', 83);
-- insert into "initialCash" (id, date, amount) values (19, '2023-03-05', 102);
-- insert into "initialCash" (id, date, amount) values (20, '2023-05-18', 97);
-- insert into "initialCash" (id, date, amount) values (21, '2023-01-16', 62);
-- insert into "initialCash" (id, date, amount) values (22, '2023-01-01', 79);

-- --discount 
--  insert into "discount" (id, "integrantsAmount", "discountRate") values (1, 2, 0.1);
--  insert into "discount" (id, "integrantsAmount", "discountRate") values (2, 3, 0.2);
--  insert into "discount" (id, "integrantsAmount", "discountRate") values (3, 4, 0.3);


